	afg	alb	dza	ago	arg	arm	aus	aut	aze	bhr	bgd	blr	bel	blz	ben	btn	bol	bih	bwa	bra	bgr	bfa	bdi	khm	cmr	can	cpv	caf	tcd	chl	chn	col	com	zar	cog	cil	cri	civ	hrv	cub	cyp	cze	dnk	dom	tmp	ecu	egy	slv	gnq	eri	est	eth	fji	fin	fra	gab	gmb	geo	deu	gha	grc	gtm	gin	gnb	guy	hti	hnd	hkg	hun	isl	ind	idn	irn	irq	irl	isr	ita	jam	jpn	jor	kaz	ken	prk	kor	kwt	kgz	lao	lva	lbn	lso	lbr	lby	ltu	lux	mkd	mdg	mwi	mys	mli	mlt	mrt	mus	mex	mda	mng	mar	moz	mmr	nam	npl	nld	nzl	nic	ner	nga	niu	nor	omn	pak	pan	png	pry	per	phl	pol	prt	pri	qat	rom	rus	rwa	vct	wsm	stp	sau	sen	yug	sle	sgp	svk	svn	som	zaf	esp	lka	sdn	swz	swe	che	syr	oan	tjk	tza	tha	tgo	ton	tto	tun	tur	tkm	uga	ukr	are	gbr	usa	ury	uzb	ven	vnm	yem	zmb	zwe
AFG	1	3	2	1	3	1	3	2	2	2	3	3	3	3	2	2	3	2	1	2	3	2	3	1	2	2	1	3	3	1	1	3	3	3	1	2	1	2	3	2	3	2	2	1	3	3	2	2	1	3	2	2	2	2	3	1	3	1	1	3	2	2	3	3	3	3	1	2	2	3	2	1	2	2	2	1	3	2	2	1	1	2	2	1	1	2	1	1	1	3	2	3	1	1	3	1	3	3	1	3	1	2	3	1	3	3	2	2	3	3	3	1	1	3	3	3	3	1	2	2	3	3	1	3	2	2	1	2	2	3	1	2	2	3	1	1	2	3	3	3	3	1	2	3	3	1	2	3	2	1	3	1	2	1	1	3	1	3	1	1	1	2	3	3	3	1	1	3	3	1	1	1
ALB	1	1	3	1	1	3	3	1	1	2	1	3	2	3	1	1	3	2	1	3	2	3	2	1	3	2	2	3	2	1	3	1	3	3	2	1	3	3	1	3	1	1	1	2	3	1	2	1	2	2	2	2	2	2	3	3	3	1	3	3	1	1	3	3	1	2	2	1	2	2	2	2	2	3	1	3	1	2	3	2	1	1	1	3	2	3	3	1	1	1	3	2	1	2	2	1	2	2	3	1	1	3	1	2	3	2	1	3	3	3	2	1	2	1	1	3	2	1	1	2	1	1	3	2	2	3	3	2	2	3	2	2	2	3	3	2	3	3	1	1	3	2	2	2	1	1	1	1	1	3	1	3	1	2	3	1	3	1	1	3	3	2	1	3	1	3	2	2	2	2	2	2
DZA	3	1	2	1	3	3	3	2	2	1	1	2	1	3	3	1	3	3	1	2	1	1	2	3	1	1	3	2	1	3	3	1	1	2	1	1	2	2	2	3	2	3	2	3	3	1	3	2	1	3	2	3	1	3	2	1	1	3	2	1	2	1	2	3	2	1	1	2	3	1	1	3	2	2	2	3	2	3	3	2	2	3	1	3	1	2	1	1	2	2	2	1	3	2	3	2	1	3	3	3	3	3	1	3	2	2	2	1	1	2	2	3	2	1	1	3	2	1	2	3	2	2	1	2	3	1	3	1	3	1	1	2	1	1	1	3	2	2	1	2	3	3	3	1	2	1	1	3	1	3	1	3	2	3	2	2	1	1	3	2	3	1	2	1	1	1	2	1	2	3	3	1
AGO	2	1	2	1	1	2	2	1	1	1	2	3	1	3	1	2	1	1	2	2	3	1	3	1	2	3	3	3	3	1	2	2	2	2	2	1	3	2	1	2	1	2	2	3	3	2	2	3	3	2	1	3	3	2	3	1	1	3	1	3	1	1	2	1	3	3	2	2	1	2	2	2	1	3	1	3	1	1	1	1	1	1	3	2	2	2	3	1	3	2	2	1	2	2	3	3	2	2	2	3	1	3	3	3	2	3	2	2	3	2	2	1	1	1	3	3	3	1	3	3	1	2	2	1	3	3	2	1	1	2	3	2	3	3	1	1	1	1	1	1	1	2	2	1	2	1	3	1	3	3	3	1	2	2	2	1	3	1	3	2	1	1	2	3	2	2	1	3	2	3	1	1
ARG	2	3	3	2	3	3	3	2	3	3	3	3	1	3	1	1	2	3	1	1	1	1	1	3	2	3	1	3	2	2	3	1	2	1	3	3	2	2	1	1	1	1	2	2	3	3	2	2	3	1	1	2	2	1	2	1	1	2	1	2	1	1	3	3	1	1	2	3	1	3	3	2	2	2	1	2	2	2	2	3	3	2	1	3	3	1	2	2	3	3	1	3	1	2	2	2	3	1	2	2	3	3	3	2	1	1	1	1	2	3	2	1	1	2	2	2	3	1	2	1	3	2	3	2	2	1	2	3	1	2	1	2	2	1	2	2	1	2	2	1	1	3	3	3	1	1	1	3	3	1	3	2	2	2	1	2	2	1	1	2	1	3	3	2	3	1	1	1	3	3	1	3
ARM	3	1	2	2	2	2	1	3	3	2	1	3	2	2	2	3	3	3	3	2	2	3	2	1	1	2	1	2	2	2	1	2	2	1	3	1	2	2	3	1	1	1	3	2	2	3	3	2	3	3	2	2	2	1	3	2	2	2	3	1	2	2	1	2	2	2	2	3	1	2	2	3	3	2	2	3	2	1	3	1	2	3	3	2	2	3	1	2	2	3	1	1	2	3	1	1	1	3	3	3	2	2	1	1	3	1	2	3	1	3	2	3	2	3	2	1	3	3	1	2	2	3	3	2	2	2	2	3	3	2	3	1	3	1	1	3	2	1	2	3	1	2	3	2	3	1	3	3	1	2	3	1	2	2	2	2	3	3	3	3	1	3	3	1	3	2	3	2	3	1	3	3
AUS	1	2	2	1	2	3	1	2	1	1	1	1	2	2	3	1	2	1	2	3	3	2	2	3	3	1	3	1	1	1	3	3	1	2	1	1	3	2	2	1	2	3	3	1	2	2	1	1	1	2	3	3	2	2	3	3	2	1	1	3	3	3	1	2	3	1	3	2	1	2	3	2	2	1	3	2	3	3	3	3	1	3	1	1	2	1	3	1	3	3	3	2	3	3	1	1	1	2	3	1	3	2	1	2	3	3	3	2	1	3	2	1	3	3	3	3	3	1	2	3	2	1	3	2	3	2	2	2	1	1	3	2	2	1	3	2	1	2	2	2	2	3	3	2	3	3	3	1	3	2	1	3	1	1	2	1	2	3	1	2	3	2	3	1	3	2	1	2	3	1	1	3
AUT	1	2	1	3	2	2	1	3	3	3	3	3	1	1	1	2	2	2	1	1	3	1	1	2	3	3	1	2	2	3	3	2	2	2	1	1	3	1	2	1	2	3	1	1	2	1	2	2	3	2	3	1	3	2	1	3	3	2	2	1	1	2	2	1	2	3	1	2	3	2	2	3	2	1	3	2	3	2	3	3	3	1	1	1	3	3	1	1	1	3	2	1	2	1	3	2	3	3	3	1	1	3	1	1	1	2	3	3	3	1	1	1	1	3	3	3	3	3	3	3	2	2	3	3	2	2	1	1	1	3	2	3	2	2	3	1	1	1	1	2	2	2	1	3	2	3	2	2	1	2	2	2	1	3	3	2	1	2	3	3	2	1	3	2	3	2	1	1	3	1	2	3
AZE	1	3	2	1	2	2	1	1	1	2	1	1	1	1	2	1	2	1	3	2	3	3	2	3	2	1	1	1	1	3	2	1	3	3	3	2	1	1	2	2	2	3	3	3	1	2	3	2	2	2	1	2	2	3	1	1	3	1	2	1	3	2	2	2	3	2	3	1	3	1	2	1	1	2	2	3	3	1	3	2	2	3	1	1	1	3	1	1	1	3	1	2	3	3	3	3	2	2	2	2	2	3	3	1	1	3	1	2	2	1	2	2	3	1	1	3	1	1	3	3	1	1	2	2	3	3	3	1	3	1	1	2	1	1	3	1	2	1	2	2	3	1	2	3	1	2	1	1	2	1	2	2	3	2	1	2	2	2	2	2	1	3	1	3	2	1	1	3	1	1	3	2
BHR	2	3	1	1	1	2	2	2	2	1	3	1	3	1	3	1	3	1	2	1	1	2	1	1	2	2	3	3	2	2	2	2	3	2	1	3	2	3	2	1	1	1	2	2	2	3	3	1	1	2	2	1	3	3	1	1	3	3	2	1	1	1	2	3	1	3	1	2	1	3	3	2	1	2	2	2	3	1	3	1	3	2	1	3	2	1	3	3	3	3	2	2	1	2	1	3	1	3	2	2	2	3	2	1	1	2	1	2	3	3	3	3	3	1	3	3	3	3	1	2	1	1	2	3	3	2	1	2	3	2	3	1	1	2	1	1	2	3	1	2	1	3	2	2	2	3	3	3	2	2	3	1	1	2	1	1	1	1	2	3	3	3	3	3	1	1	3	3	1	2	2	3
BGD	3	2	2	1	2	3	2	1	1	3	3	3	3	1	1	1	2	1	3	2	1	2	1	1	3	3	1	2	1	2	1	2	1	3	2	1	1	1	2	2	3	1	2	2	2	2	3	2	2	3	1	1	2	1	3	2	2	2	3	1	3	1	1	2	2	1	1	2	3	1	1	1	1	3	3	2	3	1	2	2	3	3	1	2	1	3	3	3	3	1	3	1	3	1	1	1	1	3	2	3	1	1	2	3	3	3	1	3	1	3	3	1	3	2	3	2	2	1	1	2	2	1	3	1	2	2	1	3	1	2	2	3	3	2	3	1	2	2	1	1	3	3	2	1	1	2	2	2	1	1	1	2	1	3	3	1	1	2	3	3	3	2	1	3	3	1	3	2	2	3	3	2
BLR	3	3	3	1	2	1	3	2	1	2	3	1	2	2	3	2	1	3	3	1	3	2	3	2	2	3	1	2	1	3	1	3	1	3	1	1	3	1	3	1	1	1	2	1	1	3	3	2	2	2	3	2	1	2	2	3	3	2	1	1	3	2	2	3	3	2	1	1	3	1	1	3	3	3	2	2	3	3	1	3	3	1	1	1	2	3	2	3	2	1	1	2	3	1	2	1	2	3	3	3	1	2	3	1	1	3	2	3	2	1	2	3	3	3	3	3	1	2	1	1	2	1	2	1	3	3	3	2	3	3	2	2	1	1	2	1	3	1	3	3	1	3	3	2	1	2	3	3	3	2	3	2	3	3	1	3	2	2	2	2	2	2	1	1	2	3	3	1	1	3	2	3
BEL	2	2	2	3	3	1	3	3	3	3	2	1	3	1	3	3	2	1	1	2	1	2	3	2	1	1	2	3	1	2	1	2	3	3	2	2	1	2	1	1	3	3	1	3	3	1	1	2	2	3	2	1	2	3	3	1	1	3	2	2	3	1	1	3	1	1	1	3	2	1	1	2	2	1	1	1	2	2	3	3	2	1	2	2	3	1	3	2	3	1	3	1	1	3	3	1	2	2	2	1	2	3	2	2	1	3	2	1	2	2	3	1	2	2	2	1	2	3	2	2	1	3	2	1	2	1	2	2	3	2	2	1	3	3	1	3	2	2	1	1	2	1	3	2	2	3	2	3	1	2	2	1	1	3	2	1	2	2	3	3	3	1	3	1	3	3	1	3	3	3	3	3
BLZ	1	1	3	1	2	1	1	3	2	2	1	1	3	3	2	3	3	3	3	2	2	1	1	2	3	2	1	3	3	3	2	2	2	2	1	2	2	2	1	1	2	1	2	1	1	2	3	1	3	2	1	3	2	2	1	2	1	2	1	3	2	2	3	1	2	3	1	3	3	1	1	2	2	1	2	3	1	3	2	3	2	3	2	2	1	2	3	3	2	2	1	1	3	3	3	1	2	1	2	2	3	1	3	3	1	3	1	3	2	3	2	2	1	3	2	1	2	1	2	1	3	2	1	2	2	2	1	2	3	1	2	1	3	3	1	1	3	1	2	1	3	1	2	3	1	1	1	2	1	3	2	2	3	2	2	3	2	3	3	2	1	3	3	1	1	1	1	2	3	2	1	3
BEN	3	1	2	1	2	3	1	3	3	2	2	1	1	1	1	1	1	2	1	1	3	3	2	1	1	1	3	2	2	2	3	2	1	3	3	3	3	2	1	3	3	1	3	1	2	2	2	1	3	3	3	2	3	3	3	3	3	3	1	2	2	2	3	2	2	2	3	2	3	3	2	3	1	3	2	1	1	3	2	1	3	1	2	1	3	1	2	2	1	2	3	2	1	1	3	1	2	2	3	3	1	2	2	1	2	2	1	2	2	3	2	3	2	1	3	3	3	2	3	1	2	2	3	3	3	3	2	1	1	1	3	3	1	1	3	3	2	2	1	2	2	1	1	3	2	2	2	2	2	3	1	2	3	3	1	2	2	3	2	2	1	1	1	1	1	1	1	3	3	3	1	3
BTN	1	3	3	2	3	2	2	3	1	2	2	1	1	2	1	2	1	2	1	1	3	1	2	3	1	2	3	2	1	2	3	2	3	1	3	1	1	2	3	3	2	2	1	2	3	1	2	2	3	3	3	3	2	1	1	1	2	1	2	1	3	1	1	2	3	2	1	3	1	1	3	1	3	3	3	1	2	2	1	2	3	3	1	2	3	3	1	2	3	3	3	2	2	2	2	2	3	2	2	2	3	2	3	1	2	1	1	3	2	2	2	1	1	2	2	1	1	1	3	2	1	1	1	2	1	2	1	1	1	2	1	1	3	3	1	3	1	1	1	3	1	2	3	2	1	3	2	2	3	3	1	2	1	3	1	2	3	3	3	3	1	1	2	1	2	3	3	1	1	3	2	3
BOL	2	1	1	2	1	3	2	3	2	3	3	1	2	2	1	3	2	2	3	2	2	2	3	1	2	2	1	3	2	3	1	1	3	2	3	1	3	2	2	1	2	3	2	2	2	2	2	2	1	2	1	3	3	2	2	3	2	1	2	2	3	2	3	1	2	1	3	1	2	1	1	2	3	3	1	1	2	2	3	1	3	2	2	2	1	1	3	3	2	3	1	3	1	3	3	1	3	1	1	3	3	1	1	1	1	1	1	1	1	3	1	1	3	3	2	3	1	2	1	3	2	1	3	1	2	2	3	2	2	2	1	3	1	2	3	2	2	1	1	2	1	1	3	3	1	1	3	1	2	3	3	2	3	1	3	1	1	1	3	2	1	2	2	2	2	1	3	2	1	1	2	2
BIH	3	1	2	3	3	1	2	1	3	3	1	2	3	1	2	3	3	1	3	2	1	3	3	3	3	1	2	1	2	1	1	2	3	3	3	2	2	2	1	2	3	2	2	2	2	1	3	2	1	3	3	1	2	3	3	2	3	1	1	1	2	2	1	2	3	1	2	3	1	2	3	2	1	1	2	3	3	1	2	1	1	3	3	2	2	2	3	2	3	3	1	3	2	2	3	1	1	2	1	3	1	1	2	1	1	2	1	3	3	1	2	1	1	3	2	1	1	1	3	1	3	1	2	3	3	3	1	1	3	3	1	1	1	1	3	2	2	1	1	2	1	2	2	1	2	2	2	2	1	2	1	2	1	2	2	3	2	3	3	3	1	1	2	1	1	2	1	3	3	2	1	3
BWA	3	3	1	2	2	3	2	1	1	2	3	3	3	3	1	3	1	1	3	1	1	1	1	3	3	3	1	3	3	2	3	3	2	3	1	3	3	2	3	2	3	2	2	2	3	3	2	2	2	1	2	1	2	1	2	2	2	3	2	2	1	1	3	3	3	2	1	3	3	2	1	3	1	2	2	1	3	3	2	1	3	3	1	2	3	3	3	2	1	3	1	1	1	1	1	3	1	2	3	3	3	3	2	2	2	3	3	1	1	1	1	3	3	1	3	2	2	1	1	1	3	1	2	2	3	3	2	1	1	2	3	3	1	1	1	3	1	2	3	1	2	1	2	1	2	1	1	2	1	1	2	2	3	2	2	2	3	1	3	3	3	2	1	2	2	3	3	1	2	1	3	3
BRA	1	2	3	3	3	1	1	2	1	1	3	2	3	3	3	2	2	2	1	1	2	1	3	3	2	3	1	3	1	3	3	1	3	3	2	2	3	2	1	1	3	2	1	1	2	2	2	3	1	2	1	3	3	2	2	1	3	2	1	3	2	2	2	1	1	2	3	3	2	1	3	2	2	1	2	1	1	3	2	1	3	3	2	3	2	2	3	3	3	2	2	2	3	1	1	2	1	1	2	3	1	3	3	2	1	3	2	1	1	1	3	1	1	1	2	3	1	2	2	1	3	1	3	1	2	2	1	1	2	3	2	1	3	1	1	1	2	2	2	1	2	1	1	2	2	2	2	3	1	2	1	1	2	1	2	2	1	1	3	2	3	3	3	1	2	3	2	3	2	1	2	3
BGR	3	1	1	3	1	2	1	2	1	1	1	3	2	2	3	3	2	2	3	1	3	2	1	3	2	2	2	1	1	1	2	3	3	3	1	2	1	2	2	2	3	1	2	1	2	2	1	1	2	1	1	3	3	3	1	1	3	2	3	3	3	3	1	3	1	3	2	3	1	2	1	1	3	1	3	1	1	3	1	2	2	1	1	1	1	1	3	3	3	1	1	1	2	1	3	3	2	2	3	3	1	2	2	2	3	2	2	1	3	1	2	3	1	2	1	3	3	3	2	2	3	2	3	3	2	3	2	3	3	2	2	2	3	3	3	1	2	1	2	2	3	3	2	1	1	2	3	2	2	2	1	1	2	1	3	3	3	3	1	1	3	3	1	1	1	1	1	2	1	2	1	3
BFA	1	1	3	3	1	1	3	1	2	1	1	2	2	1	1	1	2	3	3	1	3	3	3	1	2	1	1	3	2	2	1	2	2	2	1	2	3	3	3	3	3	3	3	2	3	3	3	2	1	2	3	3	2	2	2	3	2	3	2	3	3	1	3	2	1	2	3	2	3	2	2	2	2	2	2	1	3	1	2	2	2	2	1	3	3	1	3	2	3	3	1	3	1	1	1	2	1	2	2	3	1	2	2	1	3	2	1	3	3	3	3	2	3	1	1	3	3	2	3	3	2	3	2	1	2	1	1	2	2	3	3	1	3	1	1	3	2	3	1	2	1	2	1	1	3	2	1	3	2	1	1	1	2	2	3	3	3	1	3	1	1	2	1	1	1	3	3	3	2	2	1	1
BDI	1	2	3	3	1	2	2	2	2	1	3	3	2	2	2	1	3	2	1	3	3	2	3	2	2	1	2	2	1	3	2	3	3	3	3	1	1	2	1	2	1	3	3	1	2	1	1	2	1	3	2	3	2	1	1	1	3	3	3	2	3	2	3	3	2	2	1	3	1	3	1	1	2	3	3	1	3	1	1	3	2	2	1	3	3	2	3	1	2	1	3	1	3	2	1	1	1	1	3	1	3	2	3	2	2	1	1	2	2	1	2	3	1	1	3	3	2	1	2	1	3	1	3	2	3	2	2	1	3	3	2	3	3	1	2	2	1	2	1	1	3	2	1	2	3	2	2	3	3	1	1	3	1	3	2	1	1	1	2	2	1	2	2	3	1	3	3	3	1	3	3	1
KHM	3	2	3	3	1	1	1	1	3	3	2	1	1	2	1	3	2	3	3	2	1	2	2	1	3	3	2	3	1	1	1	2	2	3	3	2	2	3	3	1	1	3	2	2	1	3	1	1	1	3	3	2	3	2	3	1	2	3	1	3	3	2	3	3	2	1	2	2	1	1	1	2	3	3	3	3	2	1	2	1	2	1	1	1	3	3	2	3	3	2	3	1	3	1	2	3	1	2	3	1	3	2	1	3	1	1	2	2	1	3	3	3	1	3	3	1	1	2	1	3	1	1	1	2	3	3	1	3	1	2	1	1	1	1	3	2	1	2	3	3	2	3	3	1	3	3	2	1	3	3	3	3	3	1	3	2	3	3	2	1	3	1	1	2	3	2	2	2	1	3	2	2
CMR	1	3	1	3	2	3	1	2	3	3	3	2	2	3	1	3	2	1	1	3	1	2	1	2	1	2	3	1	2	1	3	1	2	2	3	2	2	3	2	1	1	1	2	1	1	3	2	1	1	2	3	3	3	3	3	1	2	3	3	3	2	1	3	2	1	3	3	1	2	3	1	2	2	3	1	2	2	3	3	3	3	2	2	2	3	2	1	3	3	1	1	3	1	3	1	3	2	2	3	3	1	3	1	2	2	2	1	1	1	3	1	1	3	2	2	3	2	3	3	3	1	3	1	3	3	1	3	1	2	3	3	3	3	2	2	3	2	3	1	2	3	3	2	3	2	3	1	3	2	3	3	3	2	3	2	1	1	2	3	3	3	1	2	3	2	1	2	3	2	2	3	1
CAN	3	1	1	2	1	1	3	1	2	3	1	1	3	2	1	3	3	3	2	3	2	3	2	3	3	1	1	1	1	1	1	3	1	3	3	3	2	3	1	1	3	2	1	1	3	1	1	2	3	2	3	2	3	2	2	2	3	1	1	3	2	1	2	1	1	3	3	1	3	1	3	1	2	1	3	2	2	1	3	3	2	2	1	3	3	1	1	3	1	3	3	2	1	1	3	1	2	2	1	1	1	2	3	2	2	2	3	1	2	2	2	1	2	2	1	3	1	2	3	1	3	3	2	3	1	3	3	3	3	3	2	3	2	1	1	3	1	3	1	2	2	3	1	1	2	3	3	3	2	3	1	1	2	3	3	3	2	2	2	3	2	3	1	1	2	2	1	3	3	2	3	3
CPV	3	2	2	2	2	1	2	2	1	3	2	3	1	2	1	2	3	1	3	2	1	1	3	3	1	2	2	1	1	3	2	1	2	2	3	1	3	1	2	1	1	1	1	1	2	1	2	2	3	1	2	1	1	1	3	2	3	1	1	1	2	1	3	2	3	1	1	2	1	2	2	3	1	2	1	2	3	3	2	2	3	3	2	2	1	1	2	1	2	2	3	3	3	1	3	3	3	3	3	1	1	3	3	1	2	1	2	3	2	1	2	2	2	2	1	1	1	2	3	3	1	3	2	1	1	3	2	2	1	1	3	2	2	2	1	1	3	2	2	3	3	2	1	2	3	1	2	2	2	3	3	3	3	1	3	1	3	3	3	1	2	2	2	3	1	2	3	1	1	1	3	1
CAF	1	3	1	3	2	3	1	1	2	1	2	2	3	3	2	2	2	3	3	2	1	2	1	2	2	1	2	2	1	1	2	2	1	3	1	1	1	1	1	2	3	3	2	1	3	3	1	3	3	2	2	1	3	1	3	1	1	1	3	3	1	3	1	1	3	3	1	3	3	2	1	1	2	2	3	2	3	1	2	2	1	1	1	2	3	2	1	2	3	3	3	3	3	2	2	3	2	3	3	3	3	1	2	2	1	3	3	2	1	1	1	2	1	2	3	3	2	3	2	1	1	1	2	3	3	3	2	3	1	3	3	1	2	2	2	3	2	2	2	3	2	1	1	1	1	1	1	3	3	2	2	2	2	2	1	3	2	3	1	2	2	2	1	2	3	2	3	2	3	1	3	2
TCD	1	2	2	3	3	1	3	1	3	1	3	2	3	2	2	2	1	2	2	3	3	3	1	3	1	3	3	3	2	2	2	3	2	3	1	2	2	1	2	3	3	3	2	3	1	2	3	3	2	1	2	3	2	2	3	2	3	1	3	2	1	3	2	1	3	1	3	2	1	3	1	1	3	2	3	3	3	3	3	1	1	1	3	1	3	1	3	2	1	3	1	1	3	1	3	2	3	1	3	1	2	3	1	3	2	3	1	2	3	3	2	3	3	2	2	2	3	2	1	3	3	3	1	3	2	3	2	2	3	3	1	1	3	2	1	3	3	3	2	2	3	3	3	1	3	1	2	1	2	2	1	1	3	1	3	3	3	2	1	3	3	3	2	1	3	2	3	1	2	1	1	3
CHL	1	2	2	2	3	3	1	2	3	1	1	2	2	2	2	1	3	1	2	2	2	2	1	2	1	2	2	1	2	3	2	3	2	2	3	1	2	2	3	1	3	2	1	2	1	3	1	1	3	1	3	2	3	3	2	1	1	3	1	3	2	3	2	2	3	2	1	3	2	1	3	3	3	1	1	3	3	2	2	3	1	2	2	2	2	3	1	3	1	3	3	1	2	1	2	1	3	3	3	3	2	2	3	2	3	2	3	3	3	3	1	1	1	2	3	3	3	3	3	3	3	3	2	2	3	1	3	1	2	3	2	3	3	1	3	2	1	1	3	3	2	3	3	3	1	3	3	1	2	1	3	2	2	1	3	1	1	1	3	2	3	3	2	2	1	2	1	2	3	2	1	2
CHN	1	3	2	3	1	2	3	2	2	1	2	3	1	3	2	2	3	3	3	3	1	1	3	1	3	1	3	3	2	1	1	1	2	1	2	3	1	1	3	3	3	3	2	2	3	3	2	1	3	2	3	1	3	2	3	3	1	1	1	2	2	2	2	1	1	3	3	1	2	3	3	1	1	3	1	2	1	3	2	3	3	2	3	1	1	2	2	2	2	1	3	3	1	1	2	3	3	3	2	2	3	3	3	2	3	3	3	2	2	2	2	2	3	1	3	1	3	3	1	2	3	3	2	1	2	2	2	1	2	1	2	2	2	1	1	1	3	3	1	3	3	2	2	3	1	3	1	1	2	2	3	1	3	1	2	2	1	2	2	1	2	1	1	1	3	2	2	2	2	2	2	1
COL	2	3	3	2	1	2	2	2	3	1	2	1	3	1	2	1	2	3	1	1	1	1	1	1	3	3	2	2	2	2	3	3	1	3	3	2	1	2	1	3	3	3	1	1	2	3	1	3	2	2	2	3	2	3	1	1	2	1	1	2	3	2	1	2	2	2	2	3	2	1	2	2	1	2	1	1	2	3	2	3	1	1	2	1	1	3	2	2	2	3	1	2	3	2	2	1	1	3	3	2	3	3	3	3	2	2	2	2	1	2	3	3	3	3	3	2	3	2	1	3	2	3	2	3	2	2	1	3	1	1	1	3	3	3	3	2	2	2	1	3	2	3	2	1	2	3	3	3	1	1	2	3	3	2	1	3	2	3	2	3	2	3	3	1	3	1	2	1	2	3	1	1
COM	2	2	1	3	1	1	2	2	3	1	1	3	1	2	3	1	1	2	2	3	2	3	1	2	3	1	1	3	2	1	1	3	1	2	3	3	2	2	3	3	2	1	2	1	1	1	2	2	3	1	1	3	1	1	2	2	3	3	2	1	3	2	3	2	2	1	2	3	2	2	3	1	1	2	2	1	2	2	3	2	1	2	1	2	3	3	2	2	3	1	1	1	2	1	3	3	2	1	3	3	1	2	2	3	2	1	2	3	2	2	2	1	1	3	2	1	1	2	2	2	3	3	3	1	1	2	2	2	2	1	3	2	3	3	3	2	1	3	2	3	2	1	3	3	2	2	2	1	1	2	3	1	2	3	1	1	2	2	2	3	1	1	3	1	2	2	1	1	2	3	1	1
ZAR	1	3	3	3	2	1	2	2	2	1	2	1	1	3	1	1	3	1	1	3	3	1	1	3	1	2	2	3	1	2	1	2	2	3	3	3	2	2	2	3	1	2	2	1	2	2	2	2	1	2	2	1	2	1	1	2	2	3	1	2	2	3	1	3	2	1	1	2	2	2	1	3	1	3	2	2	2	2	3	2	1	2	3	3	3	2	3	3	1	1	2	3	3	3	3	1	2	1	3	3	1	3	1	2	3	2	2	3	3	2	3	3	3	3	3	1	1	2	2	1	3	1	3	2	3	2	1	1	2	2	1	3	2	1	2	3	3	1	1	2	3	3	3	2	1	2	3	3	2	1	2	1	2	3	2	3	1	1	1	1	1	1	3	1	2	1	2	3	1	3	2	3
COG	2	3	1	3	2	1	2	3	3	3	3	2	3	2	3	2	3	3	2	2	3	2	2	3	2	1	2	3	3	2	2	1	1	2	1	2	2	3	1	1	1	3	3	1	3	3	3	3	1	2	2	2	3	2	2	1	1	3	2	1	3	3	3	2	2	2	1	3	3	3	1	2	3	1	3	2	2	1	3	2	2	1	3	1	3	2	2	2	1	2	3	3	3	3	2	1	2	3	1	1	2	1	2	3	3	3	3	3	3	2	3	1	2	1	3	1	2	3	1	2	1	3	2	3	2	3	3	1	2	2	3	3	1	3	3	2	2	2	3	2	2	3	1	3	2	1	1	3	2	3	2	2	3	2	2	2	1	2	3	2	1	3	2	2	1	2	2	2	3	1	3	3
CIL	3	1	3	2	2	1	2	3	3	3	3	2	1	1	2	3	1	1	1	2	2	1	2	2	1	1	3	2	3	2	3	2	2	3	1	3	1	2	2	3	3	3	1	3	2	2	3	2	3	1	1	3	2	2	1	2	2	2	2	1	3	3	1	3	2	3	2	1	3	1	3	1	2	2	3	3	1	2	2	3	1	3	3	3	2	2	1	2	3	2	3	3	2	1	1	1	1	3	3	2	3	3	3	3	1	1	3	3	1	2	1	1	1	3	3	1	3	1	1	1	3	3	1	3	1	1	2	1	1	2	3	1	3	2	1	3	2	2	3	1	1	1	1	3	3	1	2	1	1	3	2	1	3	2	3	3	3	3	2	1	3	3	3	1	3	3	1	1	1	1	2	1
CRI	3	3	3	1	1	2	3	1	3	3	3	1	2	2	3	3	2	2	3	1	3	1	2	2	2	2	1	1	2	1	1	1	2	2	2	2	2	1	3	1	3	2	1	2	2	3	3	2	2	3	2	3	2	3	3	1	2	3	1	1	2	3	2	2	2	2	3	2	1	1	3	3	2	3	1	1	1	2	1	1	2	2	1	1	1	3	1	2	1	2	3	2	2	3	3	2	1	2	1	1	2	2	1	3	2	2	1	2	2	2	1	2	2	3	1	1	1	3	1	1	3	1	2	3	1	1	2	1	3	3	3	2	1	2	2	1	1	1	2	2	2	1	2	2	2	1	3	1	3	3	2	3	2	1	2	2	2	3	3	2	3	3	1	3	1	2	1	3	1	2	2	1
CIV	1	2	3	3	3	3	1	3	3	3	2	1	1	2	3	2	3	2	2	1	1	2	3	1	2	3	1	3	2	3	1	3	3	2	1	3	3	1	1	2	2	2	3	2	1	2	3	2	1	3	3	3	2	3	1	3	1	1	3	2	2	3	2	3	2	1	3	3	3	3	2	1	1	1	2	2	3	2	2	1	1	3	1	3	2	1	2	2	1	2	1	1	3	1	3	3	2	2	3	1	2	1	3	3	1	1	3	3	3	3	3	1	1	3	2	3	2	1	1	2	1	1	1	3	3	2	2	1	1	2	1	2	2	3	1	3	2	1	1	1	1	1	1	3	1	3	2	3	3	3	1	2	2	2	2	3	2	3	1	3	1	1	3	3	1	1	3	1	2	1	1	3
HRV	1	3	2	2	2	2	2	1	1	3	2	3	3	1	2	1	3	2	3	1	2	1	2	3	2	1	1	1	2	3	3	1	2	3	2	1	1	1	1	3	1	1	1	3	1	3	3	3	3	2	1	1	2	3	2	3	2	2	1	2	2	2	3	2	1	3	2	1	2	3	3	2	2	3	1	2	3	3	3	2	1	1	3	1	2	3	2	1	2	2	3	2	3	1	2	2	3	1	1	2	1	2	3	2	3	2	1	1	1	1	3	2	1	1	1	2	2	2	1	3	1	2	2	2	2	2	3	2	3	3	1	2	3	2	3	2	2	2	3	3	2	3	3	1	2	3	2	3	1	3	3	1	3	1	3	2	1	2	2	1	3	1	2	3	2	2	1	3	2	1	1	3
CUB	2	3	1	3	3	2	3	2	3	1	3	3	1	2	2	2	3	1	3	2	2	3	3	1	1	1	2	2	1	2	3	3	3	3	3	2	1	2	3	1	1	3	2	2	2	2	1	3	3	2	1	2	1	2	2	2	1	2	1	3	1	1	2	3	3	3	3	2	2	2	1	1	2	1	1	3	2	2	3	3	3	1	1	1	2	3	1	3	2	2	3	2	1	3	3	2	2	3	2	2	1	1	1	2	2	2	3	1	3	2	3	2	2	3	2	2	3	1	1	3	1	1	3	1	2	1	1	3	1	3	1	2	1	1	3	2	2	2	3	2	1	1	2	1	2	3	3	2	1	3	3	1	1	2	1	3	3	1	3	3	1	1	2	1	1	2	3	1	2	2	3	3
CYP	3	1	2	2	2	2	3	2	3	3	1	1	3	2	1	3	3	1	2	2	2	1	1	2	1	2	1	3	3	3	3	2	3	2	3	2	1	2	2	2	3	1	1	3	3	1	2	2	1	1	2	3	3	1	3	1	1	2	2	3	2	1	2	1	1	3	3	2	2	3	3	3	2	3	2	2	1	2	2	3	3	1	2	1	3	3	1	3	3	2	2	2	3	1	3	1	2	2	1	3	3	3	2	1	3	1	1	1	2	2	1	2	3	1	1	2	3	3	2	3	3	1	3	3	3	1	3	1	2	3	1	1	1	2	3	1	1	3	1	2	1	2	3	2	2	2	1	3	3	1	3	1	2	2	1	3	3	1	3	1	3	1	1	3	1	3	3	2	2	2	2	1
CZE	2	1	3	1	1	2	1	3	1	1	3	2	2	2	3	1	2	2	3	2	2	3	2	3	2	1	2	3	1	1	1	1	1	2	2	3	2	1	1	2	3	1	2	1	2	3	2	3	3	1	3	2	2	3	2	3	3	3	3	1	2	1	1	2	3	3	3	2	2	2	3	3	3	2	3	3	2	3	2	3	2	1	1	3	1	2	3	3	2	2	2	3	2	1	1	2	3	3	1	2	1	2	2	2	1	3	1	2	2	3	3	1	3	2	2	1	2	1	2	3	1	3	3	3	2	3	1	1	2	2	2	3	2	2	2	3	3	3	1	1	2	2	1	3	3	3	3	2	1	2	2	2	1	3	1	3	2	2	2	1	2	3	1	2	1	1	2	1	2	3	3	2
DNK	2	3	1	1	1	3	2	1	3	1	3	2	2	2	1	2	2	3	3	2	2	1	3	3	3	3	3	3	1	3	1	3	3	1	2	3	2	1	3	2	1	3	3	3	1	3	1	2	3	2	2	2	3	1	1	3	1	2	3	1	1	1	3	1	2	1	3	3	2	3	1	3	3	1	1	1	2	2	2	3	1	3	3	3	1	1	2	3	3	2	1	2	1	1	3	1	1	3	3	3	1	2	1	3	2	1	3	1	1	1	1	2	2	1	1	3	2	2	2	2	3	3	2	1	1	1	1	1	2	2	2	3	3	2	2	2	1	1	1	1	3	1	3	2	1	1	3	1	3	3	2	3	2	3	3	2	3	3	2	2	3	1	3	2	1	3	2	1	3	2	1	2
DOM	3	2	3	1	1	2	2	3	1	3	2	1	1	3	3	3	3	3	1	2	1	1	3	1	2	1	3	1	1	2	1	1	2	1	2	1	3	3	3	3	3	3	1	2	2	1	2	2	3	1	2	3	2	2	1	1	1	3	3	1	2	2	1	1	1	3	2	3	1	3	2	3	2	2	3	2	2	1	1	3	2	3	1	3	3	3	1	3	1	3	3	2	3	2	3	2	3	2	1	1	2	3	2	2	2	3	2	3	1	1	3	2	2	1	2	1	1	1	3	3	1	1	1	2	3	3	3	1	3	2	1	3	2	3	3	1	1	2	3	3	2	1	3	2	3	1	2	3	3	2	3	1	1	1	1	3	2	1	1	2	1	3	3	3	3	1	1	2	3	3	2	3
TMP	3	3	3	3	3	1	1	2	1	3	1	1	2	3	3	2	2	3	1	2	1	3	3	1	2	3	2	3	1	2	3	3	2	1	3	1	1	3	1	3	3	3	3	1	2	2	1	3	1	1	2	1	1	3	2	1	3	3	3	3	2	2	1	2	3	3	2	2	1	3	2	1	3	3	3	2	3	3	1	1	3	3	1	2	3	3	1	2	1	2	2	3	1	1	3	2	2	1	3	3	1	1	2	1	2	2	1	1	3	3	1	3	2	1	2	3	2	3	1	1	3	3	1	2	3	3	3	1	3	1	1	1	1	3	2	1	1	1	3	2	1	1	3	3	3	1	3	1	1	3	1	1	1	3	1	2	1	2	1	2	1	1	1	1	1	1	1	3	1	3	1	2
ECU	3	3	3	3	3	3	1	2	3	2	2	3	2	2	2	2	3	2	1	1	3	2	3	2	3	2	2	3	3	2	3	2	3	1	3	2	1	3	1	3	3	1	2	2	2	1	2	2	1	1	1	2	1	1	1	1	1	2	1	1	3	1	2	2	1	2	1	3	1	2	1	2	3	1	2	3	1	2	1	1	3	1	1	2	3	3	2	2	1	2	3	2	1	3	1	2	3	1	1	2	3	2	2	1	1	3	2	3	2	3	1	2	3	1	1	2	3	3	2	2	3	2	1	1	1	1	1	1	1	3	1	2	2	3	2	2	1	1	2	1	2	1	2	1	1	2	2	1	2	2	3	3	1	2	1	1	1	1	1	1	1	3	2	2	1	3	1	1	3	3	2	3
EGY	2	1	2	1	2	1	3	1	1	1	3	3	2	1	3	2	2	2	1	2	2	3	1	2	2	1	2	2	1	2	3	2	2	1	1	2	3	2	3	3	1	2	1	3	1	1	1	1	2	3	3	1	3	3	2	2	1	2	3	1	2	1	3	1	2	2	2	3	2	1	2	1	2	2	3	1	1	2	1	1	2	1	3	2	2	1	2	3	2	1	1	3	2	2	3	1	3	3	3	3	2	1	2	1	2	3	3	3	3	1	3	3	1	3	2	3	1	2	2	1	3	1	1	2	2	2	3	2	1	1	1	2	2	1	1	3	3	1	2	2	2	3	1	3	1	2	3	2	3	1	1	3	1	2	2	1	1	3	2	1	1	3	3	3	1	1	2	1	3	2	1	2
SLV	2	3	1	1	1	3	2	3	1	3	3	3	3	1	3	1	1	3	1	2	3	2	3	1	3	3	1	2	2	2	1	1	3	3	3	2	3	3	2	3	2	1	1	3	2	1	3	3	1	3	2	3	1	2	1	1	3	3	1	1	2	3	3	3	2	1	3	3	1	2	1	1	3	3	2	3	3	1	2	2	1	3	2	3	3	3	3	1	3	2	1	2	3	2	2	1	1	1	1	3	2	2	2	2	2	2	1	3	3	1	2	3	3	3	2	2	1	2	3	3	2	3	3	3	3	1	2	3	3	2	1	3	2	3	3	1	2	3	3	2	3	1	2	1	3	1	1	1	3	1	1	2	1	3	3	3	1	3	1	1	3	2	1	2	1	2	1	1	3	1	2	1
GNQ	1	1	1	1	2	2	1	3	1	1	3	3	1	3	3	3	2	1	2	3	1	3	1	3	3	1	2	1	2	3	1	3	1	2	3	2	3	1	3	2	2	1	3	1	2	1	2	2	3	2	2	1	3	3	2	3	3	1	2	1	1	2	3	1	3	1	2	1	2	1	3	2	2	1	1	1	3	2	1	3	2	3	1	3	1	2	2	2	3	3	1	1	1	1	1	1	3	3	3	3	1	1	1	1	1	2	2	2	3	2	2	1	1	3	1	2	3	1	1	3	1	3	3	2	1	1	3	3	1	2	2	1	2	3	2	3	1	3	3	3	2	3	2	2	2	1	3	2	2	1	1	2	1	1	3	2	2	3	2	2	2	1	2	3	2	3	1	2	2	1	2	1
ERI	3	3	1	3	3	2	1	2	3	2	2	1	1	1	1	1	2	1	2	2	2	1	2	3	1	1	3	2	3	3	1	3	1	3	2	2	1	3	3	2	2	3	3	2	3	2	2	1	1	2	3	3	2	1	3	2	3	3	2	3	1	2	3	2	3	3	1	2	1	2	2	1	3	2	2	3	3	2	1	1	3	2	2	1	3	1	1	1	2	1	3	1	1	3	3	1	3	3	3	3	2	3	2	1	2	2	3	1	2	1	3	3	2	1	3	3	2	2	1	1	1	2	2	2	1	3	2	3	3	2	3	1	3	3	1	1	2	2	3	1	1	1	3	2	2	3	1	3	1	2	3	2	3	1	1	1	3	1	3	1	2	3	2	2	3	3	2	1	3	1	1	2
EST	2	1	3	3	2	1	3	1	1	3	1	2	3	2	2	2	1	2	2	3	3	2	3	3	2	3	1	1	2	1	2	3	2	1	1	1	3	2	1	2	3	1	1	1	2	2	2	2	3	1	3	2	3	2	2	3	3	2	1	3	2	1	2	1	3	2	2	1	3	1	2	3	1	2	1	3	2	1	3	3	1	3	2	1	1	3	2	2	2	1	2	3	1	3	2	2	2	3	3	3	3	1	2	3	1	2	3	1	3	2	2	3	2	1	3	1	1	2	1	3	1	3	1	2	1	2	3	2	2	3	1	1	2	2	2	3	2	2	3	2	3	2	3	1	2	2	3	1	2	2	3	1	2	2	3	2	1	3	3	2	3	1	1	3	1	3	3	3	2	3	1	1
ETH	2	3	3	2	1	3	1	2	1	3	3	2	2	2	1	2	1	1	1	2	1	2	2	1	2	3	3	3	2	2	2	2	1	2	1	1	3	1	1	3	3	1	3	1	2	2	3	2	1	2	2	2	1	2	3	1	2	1	3	3	3	1	2	3	3	1	3	1	2	3	1	3	2	3	1	3	2	3	2	3	3	3	1	3	3	2	1	3	2	1	3	3	1	3	3	1	2	3	3	3	2	3	1	2	3	3	1	2	1	3	1	1	2	2	1	3	2	1	1	3	1	3	3	3	3	3	3	1	1	1	3	1	1	1	1	1	3	2	1	3	2	2	1	3	3	1	2	1	1	3	3	1	2	2	1	3	2	2	2	1	2	3	1	1	2	1	1	2	3	1	3	2
FJI	1	3	2	1	1	1	2	3	1	1	3	1	2	1	2	3	3	1	2	2	2	2	1	1	2	2	3	1	3	3	2	3	3	2	2	2	2	1	1	1	1	1	1	3	1	2	3	1	1	2	2	1	3	1	3	3	2	2	2	3	2	2	1	1	3	1	3	2	2	3	1	3	2	3	3	3	1	2	3	2	3	2	1	1	1	3	2	1	3	1	3	2	3	1	3	2	3	2	1	2	1	1	1	1	3	1	2	1	3	2	3	3	1	2	3	2	2	3	2	1	1	1	2	1	2	2	1	3	1	3	1	2	3	2	3	3	2	2	1	1	2	2	3	3	1	3	2	2	1	1	3	1	1	2	1	2	1	2	2	1	3	1	2	3	3	2	3	3	2	3	1	2
FIN	1	1	3	2	1	1	1	1	1	2	2	3	1	1	2	1	3	1	2	1	2	1	1	2	1	2	1	2	3	3	2	1	3	1	3	3	1	2	3	3	2	3	1	1	1	2	1	2	1	2	2	3	2	1	2	2	3	2	1	1	3	2	1	3	3	2	2	3	1	2	2	1	3	1	2	1	2	2	3	1	3	1	2	2	1	3	3	2	2	2	3	1	3	1	1	3	1	2	2	3	2	3	3	3	2	2	2	2	1	1	1	2	3	2	1	2	2	2	3	1	1	1	3	3	3	3	3	2	2	2	2	3	3	1	2	2	1	3	3	1	3	3	2	3	2	2	1	3	2	1	1	1	1	3	1	1	3	1	2	2	1	3	3	3	3	1	1	2	1	1	3	2
FRA	2	1	3	2	3	3	3	1	1	1	3	3	2	3	3	3	2	1	2	1	3	3	1	3	3	2	1	1	3	1	3	2	2	3	2	2	1	2	2	3	2	2	3	3	3	2	3	2	2	2	2	1	2	1	3	2	2	2	3	2	1	3	3	2	3	1	1	2	3	1	2	3	2	2	2	1	1	3	1	1	3	2	2	2	1	3	3	3	2	1	2	3	3	1	3	2	1	2	3	2	3	2	1	3	1	3	2	3	3	1	1	3	1	3	3	2	3	1	2	3	3	3	3	2	2	1	3	2	1	1	2	1	1	3	2	1	1	3	3	2	2	1	2	1	2	3	2	3	1	2	2	1	3	1	3	3	2	2	2	1	1	2	1	1	2	2	2	3	3	2	2	1
GAB	3	2	2	1	3	2	2	1	2	1	1	1	3	1	1	2	3	2	1	3	2	1	2	1	3	1	2	3	2	1	1	1	1	1	2	2	3	2	2	2	2	2	2	1	3	2	1	3	2	1	2	2	2	2	3	2	1	1	1	3	3	1	1	2	2	2	3	3	1	2	2	3	1	1	1	2	2	3	3	1	2	1	2	2	1	3	1	2	3	3	3	1	1	2	1	3	3	1	3	2	2	1	1	1	2	1	1	2	1	1	2	1	1	2	3	1	1	3	3	3	1	3	3	2	3	1	2	3	3	2	2	3	1	3	1	1	1	2	3	1	1	1	2	3	3	3	3	1	2	2	2	1	2	2	1	3	2	1	1	2	1	3	1	3	3	2	3	1	2	1	3	1
GMB	1	2	3	2	3	3	1	2	2	3	2	2	2	2	2	3	2	2	1	1	1	3	2	3	2	3	1	2	1	3	1	2	1	1	2	2	3	2	2	3	1	2	2	1	2	1	2	1	1	1	3	3	2	1	3	3	1	3	1	3	2	2	1	2	3	3	2	3	1	3	1	1	3	2	1	1	2	2	3	1	3	2	2	2	1	2	2	3	1	1	3	2	1	3	1	3	3	1	1	3	3	3	3	3	3	1	2	3	3	2	1	1	1	3	2	1	2	1	2	3	2	3	2	2	2	3	1	3	2	3	2	2	3	2	3	2	1	1	2	2	2	1	2	1	2	1	2	3	1	3	2	2	1	2	2	3	3	2	1	2	2	2	2	3	1	2	3	1	1	3	3	2
GEO	2	2	1	2	1	1	3	2	3	1	3	3	3	3	2	1	2	1	1	2	2	3	3	2	2	3	3	1	1	1	3	3	3	2	2	2	2	1	1	3	1	3	3	1	1	2	3	2	2	2	2	3	3	3	2	2	3	2	2	2	1	1	2	1	3	3	1	3	2	2	3	1	1	1	1	2	3	2	2	2	2	2	2	1	3	3	1	3	2	2	2	2	3	1	1	1	1	3	3	2	3	3	2	2	2	2	1	1	1	1	3	3	2	2	1	3	1	3	1	2	2	1	1	2	2	2	2	1	1	1	1	1	2	3	3	1	1	1	3	1	1	2	3	2	1	2	1	3	2	2	2	3	3	3	3	1	1	3	2	3	2	2	3	1	1	2	2	1	1	1	1	3
DEU	3	2	3	2	1	3	1	1	1	1	1	1	1	3	2	3	1	3	3	1	3	3	1	3	1	1	1	1	1	3	2	3	1	2	1	3	1	2	2	3	3	3	3	1	1	3	1	2	3	1	3	3	3	2	1	2	2	2	1	2	2	3	3	2	3	3	3	2	2	2	1	2	1	3	1	3	3	3	3	2	2	3	3	3	3	3	3	2	2	1	2	3	1	3	3	1	1	1	3	2	3	2	3	1	2	2	2	3	3	3	2	1	1	2	3	3	2	1	2	2	1	1	2	3	3	2	2	2	1	1	3	1	2	3	3	2	1	2	2	2	3	3	1	3	3	1	3	1	2	3	2	1	3	1	2	2	3	3	1	2	1	2	2	1	1	2	3	1	3	2	3	1
GHA	2	3	3	1	2	3	2	3	2	3	3	1	3	3	2	3	3	3	1	3	2	3	3	3	3	2	2	3	1	2	3	1	3	1	3	3	1	2	3	2	1	2	1	2	3	3	3	2	2	1	3	3	2	1	3	3	2	3	1	3	3	1	3	2	1	3	3	1	3	2	2	1	3	1	1	3	1	1	3	2	2	3	3	2	2	3	3	1	1	2	3	1	3	1	2	2	3	1	1	2	2	3	1	3	1	1	3	3	2	1	1	1	2	1	2	2	2	2	2	3	2	2	1	3	1	2	1	2	2	1	1	3	3	1	3	3	1	2	1	2	1	3	1	2	2	2	2	2	2	2	2	3	1	1	2	2	3	2	3	3	1	2	3	2	1	1	3	1	3	1	1	3
GRC	2	3	2	3	2	3	1	1	1	2	2	2	1	1	1	3	3	3	3	2	3	3	3	2	3	1	1	1	3	1	3	2	1	3	2	2	3	1	2	1	1	2	1	2	3	2	3	2	3	3	1	2	2	1	1	3	1	1	1	2	2	3	1	1	2	3	1	1	3	3	1	1	2	1	2	1	3	3	2	3	2	3	3	1	1	2	2	3	3	1	1	2	2	1	2	3	1	1	3	2	3	1	2	1	3	3	2	3	3	2	3	3	2	2	2	2	2	1	2	1	2	2	3	3	1	2	3	3	3	2	2	1	2	2	1	1	2	2	1	1	3	3	3	2	1	1	1	1	3	3	2	3	3	1	2	2	3	3	1	2	2	1	1	3	3	1	1	2	1	1	3	2
GTM	1	1	2	3	1	1	1	3	2	1	1	1	2	2	3	2	1	2	3	2	2	1	1	3	2	3	1	3	3	3	1	3	3	1	2	1	1	2	2	2	2	1	1	2	3	1	1	2	1	1	1	1	3	3	2	2	3	1	3	1	3	1	3	1	2	3	1	2	1	1	2	1	3	3	2	1	3	3	2	1	3	2	1	2	3	2	1	2	2	1	3	1	3	1	1	1	1	1	2	3	3	2	3	3	1	2	3	3	2	1	3	1	1	1	1	2	3	1	3	1	3	3	1	2	1	2	3	3	2	2	3	2	1	1	1	3	2	1	1	3	1	1	2	3	3	1	1	3	3	2	1	3	2	1	3	1	1	1	2	1	1	3	1	2	3	3	2	3	2	1	3	2
GIN	3	2	2	1	2	1	1	2	1	2	2	3	2	1	2	2	3	3	1	1	3	3	3	1	1	3	1	1	3	1	3	1	3	2	2	2	1	1	2	2	3	3	3	2	3	3	1	1	3	1	1	1	1	2	3	3	1	1	1	3	3	1	2	1	1	2	2	1	1	3	1	1	1	2	1	2	3	1	1	3	2	1	1	1	1	3	3	3	3	1	1	2	2	1	3	2	1	1	2	3	1	1	2	3	2	1	2	1	1	1	3	1	1	2	1	3	1	1	3	2	1	1	2	2	1	2	2	3	3	3	3	3	3	3	2	1	1	3	1	1	2	3	2	2	1	1	2	3	3	1	2	3	2	1	3	1	2	1	2	2	3	3	2	3	3	3	2	1	1	1	2	1
GNB	3	3	3	1	2	1	1	1	1	3	3	2	3	1	3	1	2	1	2	1	1	3	2	3	3	2	3	2	2	3	2	3	2	3	3	2	1	2	2	1	2	3	1	2	1	1	2	1	1	1	3	3	1	3	1	1	1	3	1	2	1	2	3	1	2	3	3	3	2	2	3	1	3	3	1	1	2	2	3	1	1	2	3	3	3	2	2	3	1	2	2	1	2	3	3	1	1	3	3	3	1	1	3	2	1	2	3	2	1	2	1	3	3	2	3	1	3	1	1	1	3	1	1	1	2	2	1	1	3	2	2	3	3	2	3	2	2	3	1	3	3	3	1	1	2	1	2	1	3	1	1	1	2	2	3	1	1	3	2	3	2	3	1	2	3	1	3	3	1	3	2	2
GUY	1	1	3	2	2	2	3	2	3	1	1	1	1	1	3	3	3	1	3	1	3	1	2	3	1	1	1	1	3	3	3	3	1	3	3	3	1	2	2	1	2	3	3	1	1	1	3	3	1	3	1	1	2	3	1	1	2	3	1	2	1	2	1	2	2	2	3	2	2	1	1	2	2	1	2	2	2	2	1	1	3	3	2	3	2	2	3	3	2	3	2	3	2	3	1	2	1	2	3	2	2	1	3	2	3	1	3	3	3	2	1	2	3	2	1	3	1	2	1	1	3	2	1	2	2	3	1	3	1	1	1	3	3	3	1	1	2	3	2	1	3	3	1	2	2	2	1	2	2	1	3	2	2	3	2	1	3	3	2	2	3	1	3	3	2	2	3	1	1	1	1	1
HTI	1	1	1	3	2	3	1	2	2	2	2	2	1	3	1	3	3	3	1	3	2	1	1	2	2	3	2	2	3	1	1	3	1	3	3	2	1	2	1	3	1	1	3	3	3	1	2	3	1	1	3	1	1	3	2	3	1	2	3	3	1	3	3	1	1	1	2	1	1	2	2	1	2	3	3	3	2	3	1	2	3	3	3	1	1	1	2	1	3	3	1	1	3	1	2	3	1	3	2	2	2	3	1	3	2	1	1	2	1	3	2	2	1	1	2	1	2	3	3	1	1	3	1	2	1	2	1	3	3	2	2	2	1	1	1	1	3	3	2	3	3	3	1	1	1	3	3	2	1	2	3	2	1	1	2	3	3	2	3	3	1	3	3	2	2	1	2	2	1	1	1	2
HND	2	3	3	1	1	2	2	3	2	2	2	1	2	3	1	3	1	1	2	1	2	1	2	1	3	3	1	2	1	1	1	1	2	3	3	3	3	3	1	2	2	3	2	1	2	1	2	1	1	1	1	1	2	3	3	1	2	2	3	3	1	2	1	2	2	2	1	2	3	3	1	2	1	3	2	1	3	3	3	2	2	3	1	3	3	1	1	2	3	3	1	2	2	1	2	3	1	3	2	1	1	3	1	1	3	1	2	1	2	3	1	1	2	1	3	3	3	1	2	3	2	2	1	3	1	2	1	1	3	3	2	1	2	1	3	2	1	1	2	3	1	3	3	1	3	2	3	2	2	1	1	2	1	3	3	1	1	1	3	1	1	3	3	3	3	1	1	2	1	3	1	3
HKG	1	3	1	3	3	3	3	1	3	2	3	3	1	2	1	1	3	1	2	3	3	2	3	3	3	1	2	3	1	2	2	3	3	3	1	3	1	2	2	3	2	1	1	1	1	1	2	3	3	3	3	1	3	1	2	3	1	3	1	1	3	3	3	1	3	1	2	3	1	1	2	2	2	1	1	2	1	2	1	2	3	1	2	1	1	3	3	3	3	2	2	3	1	1	2	1	1	1	1	3	1	2	3	3	1	1	2	3	3	1	3	3	1	3	1	2	3	2	3	1	2	2	2	1	3	3	3	3	2	2	1	2	3	3	2	3	2	1	1	2	3	3	1	3	2	2	3	2	3	3	1	2	3	1	2	2	3	3	3	3	3	1	3	3	3	2	2	1	1	2	1	3
HUN	1	1	3	1	1	2	1	2	1	2	1	2	2	1	2	2	1	2	3	1	3	2	1	1	2	3	2	2	2	2	1	3	1	3	2	2	2	3	2	3	3	2	1	3	1	2	1	1	1	3	1	2	1	2	1	3	2	1	1	2	1	3	1	3	1	2	3	3	2	1	3	1	3	2	2	1	1	2	3	3	3	1	2	3	1	1	2	2	1	1	3	3	3	2	2	3	1	3	2	2	3	1	3	1	3	1	3	3	1	3	2	1	1	1	2	1	3	3	2	1	3	1	2	1	1	3	2	2	2	1	3	2	1	2	3	1	1	2	2	2	1	2	1	1	2	1	2	1	3	2	3	2	2	1	1	1	1	3	1	2	3	1	3	2	1	3	2	3	2	1	3	1
ISL	3	3	1	1	3	1	1	3	1	1	3	1	1	1	1	1	3	3	1	3	1	2	3	2	3	1	1	1	3	1	1	2	1	2	3	1	3	1	2	3	2	3	3	2	3	3	2	2	1	3	2	3	2	3	2	1	2	3	2	3	3	1	2	1	3	3	3	2	2	2	2	1	2	2	1	3	1	3	2	3	1	3	2	2	3	2	2	2	3	1	1	3	2	1	3	1	1	3	1	1	2	1	2	1	2	1	1	3	3	3	2	1	3	3	1	3	1	2	2	3	2	3	1	3	1	1	1	1	1	3	1	1	3	2	3	2	2	2	2	3	2	1	2	2	3	2	3	1	3	1	1	2	1	1	3	3	3	1	3	2	2	3	3	3	2	2	2	3	1	2	1	3
IND	1	3	2	1	2	3	3	2	2	2	3	1	2	3	3	3	3	3	3	1	3	1	3	2	2	1	1	2	3	2	2	1	3	2	2	1	3	2	3	2	1	3	3	2	1	3	3	2	2	2	1	2	2	3	1	3	3	2	3	2	3	2	2	2	2	2	3	1	2	3	1	3	1	1	2	2	1	3	2	3	3	3	2	2	2	1	3	3	3	1	1	3	3	3	3	3	1	1	2	1	2	3	1	3	1	3	1	2	3	3	3	1	1	3	1	3	1	2	3	1	2	3	1	3	2	2	3	3	2	2	2	3	2	2	2	3	3	3	3	1	3	1	2	2	3	3	1	2	3	1	2	1	2	1	3	3	1	2	2	1	1	2	3	3	3	2	3	3	1	1	2	1
IDN	2	3	2	1	3	3	1	2	2	2	1	2	1	3	2	3	2	3	3	2	1	2	1	2	1	1	2	2	2	2	3	3	3	3	1	3	3	1	2	3	3	2	2	3	1	3	3	1	1	1	3	1	2	2	3	3	1	3	1	1	3	1	2	1	1	1	3	1	3	3	1	1	2	2	2	1	2	3	1	1	1	1	3	2	1	1	1	2	1	1	1	1	1	1	1	1	2	3	2	1	3	2	1	1	3	1	3	1	2	2	1	3	3	2	2	3	2	2	1	2	3	2	1	3	2	1	3	1	1	1	3	3	3	2	3	2	3	3	2	3	1	3	1	2	3	1	3	3	1	3	2	3	1	1	3	2	3	1	1	1	3	1	3	3	2	3	1	2	3	1	2	2
IRN	2	3	3	3	2	2	2	3	2	2	2	2	3	1	1	3	3	3	1	2	3	3	1	2	3	2	3	1	1	2	2	3	3	2	2	1	1	2	2	2	1	3	1	2	1	1	2	1	3	3	2	2	3	1	2	2	3	3	1	1	1	2	1	3	3	1	2	1	2	2	2	2	1	1	2	3	1	2	2	1	2	1	3	3	3	3	3	1	1	1	1	2	1	1	3	1	2	3	1	1	1	1	2	3	2	2	1	2	1	2	3	2	1	3	2	2	1	1	1	2	2	1	2	1	1	3	3	1	2	1	3	3	1	1	2	3	1	3	3	1	1	3	2	3	2	2	2	1	2	1	1	1	2	3	1	3	1	1	1	1	1	3	2	3	1	1	3	2	1	2	1	1
IRQ	2	2	3	3	2	2	1	1	2	1	3	2	3	3	1	3	3	2	3	1	1	2	3	2	3	1	2	3	3	3	1	1	3	2	3	2	2	1	2	2	3	2	2	3	1	2	1	3	3	3	1	2	3	1	2	2	1	1	1	2	3	2	3	2	1	1	1	1	2	3	3	2	2	3	1	1	1	3	2	3	2	3	2	1	3	2	2	2	2	2	3	2	3	2	3	2	3	1	2	2	3	2	2	3	1	1	2	3	2	1	2	3	2	2	2	1	3	3	1	2	2	3	1	3	1	3	1	1	1	1	1	1	1	2	3	1	3	2	1	2	2	3	1	1	2	1	1	1	2	1	2	3	3	2	2	3	3	3	1	3	2	3	2	1	2	1	1	1	1	2	3	3
IRL	3	1	2	1	3	2	1	2	2	2	2	2	2	1	1	1	3	1	2	3	1	3	1	3	2	2	3	2	2	2	2	2	1	3	2	1	3	3	2	2	3	1	1	3	1	3	2	1	1	3	1	1	2	1	1	1	3	3	3	1	3	3	2	1	1	1	1	3	2	2	1	3	1	3	2	2	1	3	2	2	1	3	2	1	2	1	1	3	3	2	1	1	1	2	1	2	3	2	2	2	2	2	1	2	1	1	1	1	2	2	3	2	2	2	2	3	3	1	3	1	2	1	2	2	3	2	3	1	2	1	1	1	2	1	1	1	3	3	3	2	2	3	3	2	3	2	2	2	1	2	1	1	1	3	3	3	2	1	2	3	2	2	2	2	2	1	3	2	1	3	2	1
ISR	3	3	1	1	3	3	3	2	3	2	1	3	2	2	3	1	1	2	1	2	1	3	1	2	3	3	2	1	2	2	2	3	3	1	3	3	2	2	2	1	1	3	2	2	2	2	1	2	3	3	3	3	3	2	1	3	1	2	3	2	1	3	1	3	2	1	2	2	2	2	2	3	2	1	1	1	1	1	2	3	1	3	2	3	3	3	1	1	1	1	1	2	2	3	3	2	2	2	2	3	1	3	3	3	2	2	2	3	2	2	1	3	2	1	2	1	3	1	1	2	3	1	2	1	3	1	3	1	2	1	3	3	3	2	2	1	1	2	1	3	3	3	1	3	3	1	2	2	3	3	3	2	1	3	2	1	3	2	3	1	1	3	3	1	1	3	3	2	1	1	3	3
ITA	1	1	3	1	2	2	1	2	1	2	2	2	1	1	3	1	1	2	2	2	3	2	1	3	2	2	1	1	3	1	3	1	3	2	1	2	2	2	2	1	1	3	1	2	2	2	1	3	2	3	3	3	1	2	3	2	1	1	1	3	1	2	1	2	3	1	1	3	2	1	3	2	1	1	3	1	2	1	2	3	1	2	1	3	2	2	1	2	2	2	2	3	3	3	2	2	2	2	1	1	3	3	2	3	2	3	1	1	3	1	3	1	2	2	1	3	1	1	2	3	3	2	2	1	3	3	2	3	1	1	3	1	1	2	1	3	1	1	2	2	1	1	2	2	1	1	1	2	2	2	3	2	2	2	1	1	3	2	3	2	1	1	1	1	2	3	1	2	1	2	3	2
JAM	3	1	3	3	1	2	2	2	1	1	2	3	2	1	1	3	1	1	2	3	3	3	2	1	1	1	3	1	1	2	1	1	2	1	3	3	1	1	1	3	3	2	3	2	2	3	2	1	1	2	3	2	3	1	2	3	2	2	1	2	3	3	1	1	1	1	2	2	1	2	3	2	2	1	2	1	1	3	1	1	2	3	1	1	2	3	2	1	3	1	2	2	3	2	2	3	1	1	1	1	3	3	2	2	2	1	1	1	2	3	1	1	1	2	1	3	3	1	2	2	3	2	2	1	3	3	3	1	3	3	1	1	3	2	1	1	2	2	1	3	3	3	3	2	2	3	1	1	2	3	2	3	2	3	2	2	1	3	2	2	2	2	1	3	3	1	3	2	1	2	2	1
JPN	2	1	1	3	3	1	1	2	1	2	1	1	1	3	3	1	1	2	1	1	2	3	3	1	1	1	3	1	1	2	2	1	3	2	1	3	1	2	1	1	3	1	1	2	2	3	1	3	3	2	3	3	2	2	3	3	1	2	1	3	2	2	1	2	1	3	3	2	3	1	3	3	2	3	2	3	2	3	2	3	2	3	3	3	1	1	1	2	3	3	3	1	2	3	3	1	2	1	1	1	2	1	3	3	1	2	1	1	1	3	1	3	1	3	3	3	1	1	3	3	3	3	1	3	1	2	3	1	1	3	2	1	3	1	3	1	3	3	2	1	3	2	2	1	1	2	3	1	3	2	2	1	1	1	1	3	1	2	3	2	1	3	1	2	3	3	3	3	3	1	1	3
JOR	2	3	1	2	3	3	3	3	2	2	2	3	2	1	1	3	2	3	2	1	2	1	2	1	2	3	3	3	2	3	2	2	1	3	2	3	1	3	1	1	1	3	1	3	3	2	3	1	3	3	3	2	1	2	3	3	2	3	3	2	1	3	1	1	2	2	3	2	3	1	2	1	3	2	1	2	2	2	1	1	3	1	3	1	2	3	3	1	1	2	1	3	3	3	2	3	3	2	1	1	2	1	3	1	1	1	1	2	3	2	3	1	2	1	2	1	1	3	1	1	1	2	3	3	1	2	2	2	3	1	1	1	1	3	2	1	3	3	2	1	3	3	2	3	1	1	1	3	3	1	3	1	2	2	2	1	3	1	1	1	3	1	1	1	3	3	1	1	2	1	2	3
KAZ	1	1	2	1	1	3	3	2	1	2	1	2	1	2	2	3	3	3	1	3	2	3	3	1	1	2	3	3	1	1	2	1	1	2	3	3	1	3	3	3	1	2	1	1	1	3	2	3	2	3	3	2	1	3	1	2	2	2	3	3	1	2	2	1	1	2	1	3	3	2	2	2	2	2	2	2	2	2	2	3	3	3	3	2	1	1	2	3	1	3	1	3	2	3	1	1	1	1	3	2	2	1	2	2	2	2	1	3	2	2	1	1	1	2	2	3	3	2	3	3	2	1	3	1	2	3	3	1	2	1	1	1	3	2	1	2	1	3	1	1	3	2	1	1	3	3	2	1	1	2	2	1	1	2	3	2	1	1	1	3	3	3	2	1	2	1	2	1	2	1	2	1
KEN	1	1	3	3	2	3	1	2	2	3	2	1	2	3	1	3	2	1	3	3	2	1	3	2	1	3	1	2	2	3	2	2	3	1	1	2	1	2	1	3	3	3	1	1	3	2	1	3	1	2	2	1	2	3	2	1	1	1	2	3	1	2	1	1	1	3	3	2	3	3	2	3	1	2	1	2	3	3	2	3	2	2	1	1	1	1	1	2	3	1	2	1	2	2	2	3	2	2	3	3	1	1	2	1	3	2	2	2	2	2	3	2	2	3	1	3	1	3	3	3	2	3	3	2	1	2	1	2	3	3	1	3	3	2	3	1	1	2	1	1	3	3	2	2	2	3	1	1	1	1	1	1	3	2	2	3	2	3	1	3	2	2	1	2	1	3	3	1	2	1	3	1
PRK	3	3	2	1	2	3	3	3	1	2	2	2	2	1	3	1	1	3	2	2	2	3	2	2	1	3	1	2	3	2	2	1	1	1	1	2	1	1	3	3	1	2	2	3	2	1	3	1	2	1	3	2	2	2	3	3	1	1	3	2	3	3	2	3	1	2	3	3	1	2	1	3	2	2	1	1	2	2	3	3	1	3	2	1	3	1	2	3	3	3	3	2	3	1	1	3	2	3	1	2	2	2	1	2	1	1	2	3	3	1	1	1	1	3	2	3	2	2	1	1	1	3	1	3	1	3	1	3	3	3	1	2	2	3	2	3	1	1	3	2	3	2	1	1	1	1	3	1	3	3	2	2	1	3	2	2	1	3	1	2	2	2	3	1	2	1	1	3	2	3	1	3
KOR	2	2	3	2	3	3	1	1	2	1	1	3	1	1	3	2	3	2	1	2	2	2	3	3	1	2	2	2	2	3	2	2	3	2	3	2	2	3	2	2	3	2	3	3	2	2	2	3	2	1	1	3	2	3	1	3	2	2	3	1	2	1	3	2	2	2	1	2	1	2	2	2	1	3	1	1	1	3	1	2	2	3	2	3	3	3	2	2	3	1	2	2	1	2	3	2	2	3	3	2	3	1	2	3	2	3	1	1	3	2	2	1	3	3	1	2	2	2	2	1	3	1	1	1	2	2	1	2	3	2	2	1	2	1	1	1	1	1	3	1	2	2	2	1	1	2	3	2	2	2	3	2	2	3	3	2	3	2	1	2	3	3	1	1	1	1	3	2	3	1	1	1
KWT	2	3	3	2	1	1	2	1	1	3	1	1	1	1	2	2	3	2	1	1	2	1	3	2	2	1	1	1	1	2	3	3	3	1	3	2	1	2	2	1	2	2	1	3	3	3	3	2	3	1	2	3	3	2	3	1	2	3	3	3	2	2	1	3	1	2	3	2	1	3	2	2	3	2	1	2	1	1	1	3	2	1	3	1	1	2	3	2	3	1	3	2	2	2	3	3	3	1	3	2	3	3	3	2	1	1	1	1	2	3	1	3	1	2	1	2	2	1	3	3	2	2	3	1	2	2	1	3	3	1	1	2	3	1	1	2	3	1	3	2	2	1	3	1	2	2	1	1	2	1	3	3	3	1	2	3	2	3	1	3	2	1	3	1	3	2	2	3	2	3	2	2
KGZ	3	1	1	3	1	1	1	2	2	2	1	1	2	1	2	2	1	3	2	3	1	1	2	3	1	1	3	1	3	1	3	2	3	1	3	3	1	1	1	3	1	2	3	1	2	1	3	2	1	2	1	3	1	2	2	1	1	1	2	2	2	1	3	3	2	3	3	1	3	2	1	1	2	1	1	3	1	3	3	3	3	3	1	3	2	3	1	3	2	1	2	3	2	2	2	2	2	2	3	1	3	3	3	2	3	1	3	3	2	2	3	1	2	2	2	1	2	2	1	2	2	3	2	2	2	1	3	3	3	3	1	3	3	2	3	3	1	3	1	3	3	3	2	3	1	3	1	3	1	3	2	1	1	2	3	2	2	1	1	3	2	1	1	2	1	1	3	2	3	2	3	3
LAO	1	1	3	3	1	3	3	2	3	2	1	1	1	2	1	2	3	2	2	2	2	1	2	2	1	3	2	1	1	2	2	2	2	1	3	2	1	1	3	2	3	2	3	3	2	3	3	2	1	1	2	1	3	3	3	2	2	1	1	1	1	2	2	1	1	3	2	2	2	3	2	3	3	2	2	2	2	2	2	3	1	3	1	1	3	3	1	3	3	1	2	2	1	1	3	2	2	1	3	3	3	3	1	1	3	1	3	1	3	3	1	2	2	1	1	1	3	3	3	1	2	1	3	3	1	2	1	3	2	3	2	2	2	1	1	1	2	2	3	3	2	2	1	2	1	2	2	3	2	1	2	3	3	2	3	3	3	3	1	3	1	1	1	3	3	3	2	3	2	2	2	2
LVA	3	2	3	1	2	1	3	1	2	3	2	1	1	2	1	2	2	2	1	3	1	1	3	2	1	3	3	3	2	2	1	1	3	3	2	3	3	2	1	2	2	3	3	1	1	1	1	2	1	3	2	2	3	2	1	1	2	2	3	2	2	3	1	3	2	2	3	1	3	3	2	1	3	2	1	3	1	2	2	3	3	3	2	2	3	2	3	2	2	2	3	3	1	3	1	3	3	1	2	1	2	3	3	3	2	2	1	1	1	3	2	2	2	1	3	2	1	3	1	2	2	2	2	3	1	2	2	1	3	1	3	1	1	1	2	2	1	1	2	3	2	1	2	3	3	2	2	1	1	2	3	2	1	3	3	2	2	1	3	2	1	1	2	3	1	3	2	3	3	2	3	3
LBN	3	2	2	2	1	2	3	1	3	2	3	3	2	1	1	2	3	3	3	3	2	2	2	3	3	2	2	2	2	1	3	1	3	1	3	3	1	3	2	1	2	3	3	3	2	3	3	3	3	1	3	3	1	1	3	1	3	1	1	1	3	3	1	2	2	3	1	1	3	2	3	3	2	1	2	3	1	1	1	3	3	2	2	2	3	3	1	1	3	3	2	3	1	1	2	3	3	2	3	2	1	3	1	3	2	2	2	1	1	1	2	1	1	1	2	3	3	2	1	3	1	3	3	3	3	3	2	2	2	3	1	2	2	1	2	1	3	2	2	1	2	3	2	1	3	1	1	3	2	1	2	1	1	3	1	1	3	2	2	3	2	2	2	1	1	2	3	2	2	3	1	1
LSO	1	3	2	2	1	3	1	2	3	1	1	1	2	2	2	1	2	3	3	1	1	1	3	1	1	2	3	1	3	3	3	2	3	1	3	2	1	2	3	2	2	2	1	1	2	2	1	2	3	1	3	1	1	2	3	2	3	2	3	3	3	3	3	2	1	3	2	2	2	1	2	2	3	2	2	3	3	1	3	3	1	2	1	3	3	1	1	3	2	3	2	1	1	3	2	3	3	1	1	3	1	3	2	3	2	2	3	1	3	1	3	1	1	2	3	3	3	2	3	2	1	3	1	2	1	1	2	2	3	3	3	2	2	1	1	1	3	3	3	2	3	2	1	1	2	1	2	3	3	3	1	3	1	2	3	3	3	1	3	1	3	3	3	3	1	2	1	2	1	1	1	3
LBR	2	2	3	2	2	3	1	1	1	2	3	1	2	1	2	3	1	3	3	3	3	1	2	2	3	1	3	3	2	1	2	2	1	1	3	1	1	2	1	1	3	2	3	1	1	3	2	3	2	1	1	2	1	3	2	3	2	3	3	2	1	3	3	3	2	1	1	1	2	2	1	1	2	3	2	2	1	3	1	2	2	1	3	3	1	3	2	3	2	2	3	2	3	2	2	3	1	1	3	3	3	1	1	1	1	3	3	3	3	2	2	1	2	1	1	2	2	2	3	3	1	2	3	2	1	3	2	2	1	3	1	3	2	3	1	1	3	1	2	1	2	3	3	3	2	2	1	2	2	2	3	1	1	3	3	1	2	2	2	3	2	2	1	2	2	2	1	3	1	3	1	2
LBY	1	3	1	1	3	3	1	2	2	2	3	1	1	1	1	1	3	3	2	3	2	2	3	2	2	1	2	1	2	1	2	3	3	2	1	3	3	2	3	3	1	3	3	2	3	1	3	3	3	1	2	1	3	2	2	2	3	3	2	3	1	2	3	3	3	1	2	3	2	3	3	1	1	1	3	3	3	1	3	3	3	1	2	3	3	2	1	1	1	1	2	2	2	2	1	1	3	1	2	2	1	1	2	1	2	3	2	1	1	3	2	1	1	3	3	3	3	1	2	3	1	3	2	3	2	1	1	1	2	1	3	1	3	1	2	2	1	3	3	2	2	2	1	3	3	3	1	2	1	3	2	3	3	2	3	2	3	2	3	1	2	1	2	2	1	2	1	2	1	2	3	1
LTU	2	3	3	1	2	1	3	2	2	1	2	2	2	3	1	3	2	2	1	1	3	1	3	3	2	2	2	3	3	1	3	3	2	1	2	2	3	3	3	3	2	2	3	1	1	1	1	3	2	3	1	3	1	2	2	1	1	3	1	3	2	3	3	1	1	1	3	1	1	1	3	2	2	3	3	1	2	2	2	2	1	3	1	3	1	2	1	1	2	3	1	2	1	1	1	2	1	1	2	3	2	3	3	2	2	1	2	2	1	1	2	2	2	3	3	3	3	3	3	2	2	2	3	3	2	3	2	3	2	1	3	2	2	2	3	1	2	2	3	1	3	3	3	3	2	2	2	3	3	1	2	1	2	3	3	1	3	1	3	1	3	2	2	3	2	3	2	1	2	3	2	1
LUX	3	1	2	1	1	2	3	3	3	3	1	2	2	2	1	1	3	2	3	2	3	2	2	3	3	3	1	3	3	2	1	2	3	3	1	3	3	3	3	3	2	1	1	2	3	3	1	2	3	3	3	2	3	2	3	2	2	2	1	2	3	3	2	2	3	1	3	3	1	1	2	1	2	2	1	1	3	3	1	3	2	2	2	2	2	2	3	2	2	3	2	2	2	1	1	2	3	1	3	1	2	1	1	2	1	1	1	1	1	1	1	3	2	2	1	3	2	1	3	1	3	3	3	3	1	3	1	2	3	1	1	2	3	1	3	1	1	1	3	1	1	3	3	2	2	3	2	2	1	2	2	1	3	3	3	3	2	1	2	3	3	2	3	2	3	3	1	3	1	2	2	2
MKD	2	2	1	2	3	1	3	1	3	2	1	2	3	3	3	2	3	1	3	2	1	2	3	3	3	3	3	2	3	3	3	1	2	3	3	3	2	1	1	3	1	3	3	1	3	2	2	1	1	3	2	1	3	1	2	2	1	1	3	2	2	1	3	1	3	1	2	2	2	2	2	2	2	1	3	1	3	1	3	2	1	2	3	1	1	3	2	3	2	1	1	1	1	3	2	2	2	2	1	2	1	1	3	2	3	3	1	2	2	2	2	1	1	3	1	2	1	1	2	1	2	3	3	1	2	2	3	1	2	2	3	1	1	3	1	1	2	2	1	3	3	1	1	1	2	3	1	3	3	3	1	2	2	2	1	2	3	3	2	2	2	3	2	1	2	3	2	1	2	2	3	3
MDG	1	1	1	1	2	3	2	2	3	1	3	3	3	2	1	1	2	2	2	2	1	1	1	3	1	2	2	3	1	1	1	1	2	1	3	1	2	2	1	2	3	3	1	3	2	1	2	1	3	1	1	1	1	3	2	1	2	2	3	2	2	1	1	3	2	1	3	2	1	2	2	1	2	1	1	3	1	3	2	1	1	1	1	1	3	3	1	3	3	3	1	1	2	2	3	1	3	2	2	2	2	2	2	3	1	3	3	3	2	2	1	1	2	2	3	2	2	3	1	2	3	2	3	3	1	1	3	3	2	2	2	2	1	2	1	2	2	1	2	1	1	2	3	2	1	2	1	2	2	2	3	1	1	2	3	2	3	3	2	2	3	3	3	3	1	3	3	1	1	1	1	2
MWI	2	3	2	3	1	3	3	2	3	1	2	2	2	3	1	2	3	1	2	3	2	1	2	1	2	3	2	2	1	2	2	1	2	2	1	3	2	1	3	1	3	1	3	2	2	2	1	2	3	1	1	3	3	3	3	1	2	2	3	3	3	3	1	3	3	1	3	2	2	3	2	2	3	3	2	3	1	3	2	3	2	2	3	3	2	1	2	3	2	2	2	1	3	2	3	1	2	1	3	1	1	2	1	2	1	1	2	3	1	3	1	2	1	3	3	2	1	1	2	2	2	2	2	3	3	1	1	2	3	3	3	3	3	1	3	2	1	2	3	3	3	3	1	1	2	2	1	1	2	2	1	2	2	3	1	1	1	1	3	2	3	3	1	2	2	1	3	1	2	1	1	2
MYS	1	1	1	2	1	1	1	3	1	1	3	3	1	1	2	1	1	1	2	1	3	1	3	3	1	2	3	1	3	1	1	1	1	3	3	3	3	2	2	3	3	3	2	1	3	2	3	1	1	3	3	1	3	2	1	3	2	1	2	1	3	2	3	3	2	2	2	1	3	3	3	1	1	2	3	1	1	1	1	1	3	1	2	3	2	1	1	2	3	3	1	3	1	1	3	1	3	1	1	2	3	1	2	1	3	1	3	3	1	2	2	3	3	1	2	3	2	3	2	1	2	1	2	3	3	1	3	2	3	1	2	3	1	1	2	2	3	1	1	1	2	1	3	3	3	2	2	3	1	3	2	2	2	3	1	1	1	3	2	2	3	3	1	3	1	3	1	1	3	3	2	2
MLI	2	1	3	2	2	1	2	2	1	2	3	2	2	3	2	1	3	2	3	1	1	2	2	1	2	3	2	1	3	3	2	3	1	3	3	1	2	2	3	2	3	2	1	3	3	1	1	1	3	3	3	1	3	3	1	1	2	2	2	3	1	3	2	1	1	1	3	3	3	3	2	2	3	2	2	2	3	1	1	3	2	1	1	3	1	3	2	3	2	2	1	3	3	2	1	2	3	1	2	2	1	2	3	3	3	3	2	2	2	1	1	1	1	1	3	1	3	1	2	3	2	3	2	1	3	1	1	1	1	3	1	3	3	2	1	2	1	1	2	3	1	3	3	2	1	1	1	2	1	1	2	2	1	2	1	3	3	3	2	1	2	1	2	2	2	3	3	1	3	2	3	3
MLT	1	2	1	1	2	3	1	2	2	2	2	2	1	1	2	3	2	1	1	3	1	2	1	3	2	1	2	2	2	2	2	2	2	3	2	2	3	1	1	3	3	3	1	2	1	1	2	1	2	2	1	2	1	3	2	1	2	2	3	2	2	1	2	2	3	1	2	3	2	1	3	3	2	1	3	1	3	1	1	1	3	3	1	3	1	3	3	2	3	1	3	1	3	3	1	2	3	2	3	3	2	2	1	1	1	1	1	3	3	1	3	2	1	2	2	1	2	2	1	3	3	3	3	3	3	2	3	3	3	2	1	2	2	2	1	3	2	1	1	3	3	3	3	3	3	2	3	1	1	2	2	2	3	3	3	3	3	1	1	1	2	3	2	1	2	2	3	1	3	2	2	1
MRT	1	3	1	3	3	2	3	2	3	1	3	3	2	1	3	1	3	2	2	2	1	2	3	2	2	2	3	1	3	2	1	3	1	2	1	1	2	2	1	2	1	3	3	1	3	1	1	3	3	1	3	2	1	2	2	1	3	2	3	3	3	3	3	1	3	2	1	2	2	1	3	1	2	3	3	1	2	2	3	3	2	1	2	3	3	1	3	1	2	2	2	1	2	3	1	1	2	3	2	3	3	2	2	3	2	3	3	1	1	2	1	3	3	3	1	2	2	1	3	1	2	2	1	1	2	3	3	3	1	2	3	1	1	3	3	1	2	2	1	3	2	3	3	3	3	2	3	3	1	1	3	1	1	1	2	1	1	3	3	2	3	2	2	3	1	2	3	3	1	1	1	1
MUS	2	2	2	2	3	1	1	2	1	3	1	3	2	2	1	1	2	3	1	2	1	3	1	1	3	1	1	1	1	2	3	1	1	2	1	3	1	3	3	1	3	3	1	3	3	3	3	1	2	1	2	2	1	2	2	3	3	2	1	3	2	1	1	1	2	3	2	1	1	2	1	2	3	2	2	2	1	1	1	3	1	2	2	1	3	2	1	3	3	1	2	3	1	3	2	2	2	3	3	3	3	2	1	3	2	3	3	3	3	1	2	2	2	2	3	2	2	2	2	3	2	2	2	2	1	2	2	2	3	3	1	2	1	3	1	1	1	2	2	1	2	1	1	3	2	3	1	1	2	2	1	2	1	1	3	2	3	1	1	1	3	2	1	3	3	1	3	1	1	3	1	2
MEX	3	2	1	3	1	2	2	1	1	2	1	1	2	2	1	3	2	3	2	3	1	3	3	2	2	2	1	3	2	2	2	1	2	3	1	2	2	1	2	3	2	2	3	1	3	3	2	1	1	3	1	3	1	1	2	1	2	3	3	2	2	2	1	3	2	2	3	1	3	3	3	1	3	3	2	3	1	2	3	1	1	2	1	3	1	1	2	3	1	3	2	3	2	2	2	3	2	3	3	2	2	2	3	2	1	2	1	2	3	2	3	1	3	1	1	2	2	2	1	3	1	3	2	2	2	3	3	2	2	2	1	1	3	1	3	2	3	2	2	1	2	3	2	3	2	2	3	1	3	3	2	3	3	2	2	3	2	2	1	1	2	2	1	1	1	1	3	3	2	1	1	3
MDA	1	1	3	2	2	2	3	1	1	3	3	3	3	3	1	3	3	2	3	3	2	3	2	2	1	3	2	3	3	1	2	2	2	1	1	2	1	1	3	1	1	3	2	3	1	2	1	2	2	3	2	3	2	3	2	3	2	1	1	1	3	2	1	3	3	1	2	3	2	3	2	1	1	1	3	1	1	1	3	3	2	3	1	3	3	1	2	2	1	3	3	3	1	2	2	2	3	1	3	2	1	1	2	2	2	3	2	3	3	3	1	2	3	3	3	3	1	2	3	2	2	2	1	3	2	1	3	2	1	1	2	3	2	1	3	3	3	2	3	2	1	2	3	2	3	1	3	1	2	1	2	1	3	1	3	1	3	3	3	2	3	1	2	1	2	2	2	1	2	3	2	3
MNG	3	1	1	2	2	2	3	3	3	1	3	1	1	3	1	1	3	3	3	3	1	3	3	3	1	1	3	2	1	3	3	3	1	2	1	1	3	2	3	1	2	2	3	3	1	3	1	3	3	2	2	2	1	1	1	3	1	1	2	2	3	3	3	1	2	2	3	1	3	1	2	2	2	2	3	3	1	1	2	2	2	3	2	3	1	2	3	3	2	2	1	1	2	1	1	3	3	2	2	3	2	1	1	1	2	3	2	2	1	2	3	3	2	2	2	2	3	2	2	1	3	1	1	1	3	2	3	3	2	1	1	3	2	2	3	2	3	2	1	3	2	2	2	2	2	3	3	3	2	3	1	2	3	3	1	3	1	2	2	1	1	3	3	3	2	3	2	3	3	2	3	1
MAR	2	3	3	1	2	1	2	1	2	2	3	2	3	3	2	3	1	3	3	3	2	3	2	1	1	3	3	2	1	2	2	3	3	1	2	3	2	2	2	2	2	1	2	2	3	3	1	2	2	1	3	2	3	2	1	3	3	1	1	3	3	1	3	1	2	3	2	3	3	2	1	1	2	3	2	3	3	2	3	2	3	2	3	3	3	3	2	2	1	3	1	3	3	3	2	1	3	2	3	3	3	1	3	1	1	3	2	2	3	3	3	1	3	1	3	3	2	2	2	2	2	3	1	1	2	1	3	1	3	1	1	1	3	2	1	3	1	3	2	1	3	2	1	2	3	1	1	1	1	1	3	3	2	2	2	3	2	1	3	2	1	2	3	2	3	2	1	3	3	1	3	1
MOZ	2	2	1	1	3	1	2	1	2	2	2	3	2	1	3	2	3	1	3	3	2	2	1	1	1	2	2	1	1	2	2	3	2	1	2	3	3	1	2	1	1	1	1	1	2	1	2	3	2	2	2	2	1	3	1	1	2	1	3	3	1	2	3	3	2	2	3	1	2	3	3	1	2	3	1	1	2	2	2	3	1	2	1	3	2	2	2	3	3	3	3	1	1	1	3	2	1	1	2	3	1	2	1	2	1	3	3	1	3	3	1	1	2	1	3	1	2	1	2	2	1	1	2	1	2	2	2	2	1	3	1	1	2	2	1	1	1	2	2	3	3	1	1	3	2	2	1	3	3	2	3	2	3	2	2	2	3	2	1	2	2	1	1	1	3	1	1	1	2	2	2	3
MMR	3	1	2	1	3	2	1	3	2	2	3	2	1	3	2	2	2	2	2	3	2	3	2	3	2	2	2	2	1	2	1	2	3	2	3	2	1	3	3	3	2	1	1	2	1	1	2	2	1	3	2	1	2	1	3	1	2	3	3	3	2	1	1	1	2	2	2	3	3	3	3	2	3	1	2	1	1	1	3	2	2	2	3	1	3	2	2	3	2	2	2	1	2	1	1	1	3	3	3	2	3	3	3	2	2	2	1	3	1	3	1	1	3	1	2	1	1	3	1	1	2	1	3	2	3	2	2	1	1	3	1	1	1	2	3	1	3	3	1	3	3	1	3	3	2	2	2	1	2	1	3	3	1	3	2	2	1	3	1	2	1	1	3	1	1	2	1	3	3	2	2	2
NAM	1	2	2	1	3	2	1	3	3	2	3	1	1	3	3	3	1	2	2	2	1	3	3	2	2	1	1	3	3	1	3	2	2	3	3	1	2	2	3	3	1	2	1	3	2	1	3	2	2	1	2	2	1	2	1	1	3	3	1	3	1	1	1	2	2	1	3	1	3	1	3	1	3	3	2	1	1	2	3	2	2	3	1	1	2	3	3	3	1	1	1	1	2	2	1	2	2	3	3	2	2	1	3	3	2	3	1	3	1	3	2	1	2	1	3	3	2	1	3	1	1	1	1	1	1	2	3	1	1	1	3	1	1	1	3	1	2	1	3	3	1	1	2	1	1	2	3	3	3	2	1	3	2	1	1	2	3	2	2	3	1	1	2	2	1	2	1	1	3	3	3	1
NPL	2	2	2	1	2	2	3	3	1	2	2	2	3	1	1	3	3	2	3	2	2	2	2	3	3	3	2	2	3	2	1	1	3	1	3	1	3	3	2	3	3	1	2	1	3	1	3	1	3	2	3	2	3	1	2	3	3	2	3	1	2	2	3	3	3	2	3	2	2	3	3	1	1	1	2	2	2	2	3	3	1	3	3	2	2	2	1	3	2	2	2	2	2	1	2	3	1	3	2	2	1	2	1	1	1	3	1	3	3	3	3	2	3	2	3	1	2	2	3	2	2	1	1	1	1	3	3	1	2	1	1	3	2	3	1	3	1	3	2	2	3	3	3	3	3	2	1	3	2	1	3	3	1	2	1	1	3	1	1	3	3	2	2	3	2	3	2	1	2	2	3	3
NLD	1	3	1	1	1	1	2	2	3	3	3	3	2	2	1	2	3	2	1	1	3	3	1	3	1	1	2	2	2	2	1	1	2	1	1	1	2	1	1	1	3	2	3	2	2	2	1	2	1	3	2	2	1	3	2	1	1	1	1	3	2	3	2	3	3	1	3	1	3	3	3	2	3	1	1	1	2	2	1	2	2	2	3	2	2	2	1	3	2	1	2	3	1	1	3	1	1	1	3	1	2	2	2	1	3	3	2	1	1	2	3	2	3	3	1	1	2	2	3	3	2	3	1	1	1	1	1	2	1	2	3	2	3	2	1	2	3	2	1	1	1	2	3	1	2	3	2	3	3	3	1	3	2	2	3	3	2	2	1	1	1	1	2	3	2	3	2	2	1	1	3	3
NZL	1	2	3	3	2	1	3	3	1	3	1	2	3	3	3	3	1	2	2	3	3	3	1	3	3	1	3	1	2	1	2	3	1	1	2	2	1	3	1	1	2	2	1	1	1	3	2	2	3	2	1	2	2	2	2	3	1	2	2	2	2	1	3	3	3	2	3	2	2	2	1	1	2	2	3	3	3	1	3	1	2	2	1	1	2	2	1	1	1	1	1	2	1	2	3	3	2	1	3	3	3	2	3	3	2	3	3	1	3	1	2	2	2	1	2	2	1	3	1	1	2	2	2	3	2	2	3	3	3	3	3	3	2	2	3	3	1	2	1	3	1	2	3	1	1	2	2	3	3	3	3	3	1	3	2	3	1	3	1	3	1	1	1	1	2	2	3	2	2	1	1	1
NIC	3	1	3	2	3	1	3	2	1	1	3	3	1	1	3	3	1	1	3	1	1	3	1	2	1	2	3	1	1	3	1	2	1	3	2	2	1	3	2	3	2	1	1	1	1	2	2	1	3	3	3	2	3	3	1	3	1	2	2	1	3	2	2	1	3	3	3	2	1	3	2	1	1	3	1	3	3	1	2	1	3	3	1	2	2	2	3	1	3	3	1	3	2	1	1	3	2	1	1	2	3	3	2	3	1	3	3	1	3	1	3	3	1	2	3	3	1	2	3	1	1	2	2	1	3	2	3	3	2	3	3	2	2	1	2	3	3	3	3	1	2	2	3	1	3	2	1	1	3	1	3	2	3	2	3	3	1	1	3	3	2	3	2	1	1	2	2	2	3	2	3	1
NER	3	3	2	3	1	1	1	1	2	3	3	3	3	3	3	3	1	1	2	1	3	3	3	2	3	1	2	2	2	1	2	3	2	3	1	3	3	3	3	1	3	2	2	1	2	1	3	2	1	3	1	1	1	1	2	3	1	3	2	3	1	1	3	2	2	3	2	2	1	1	3	3	2	3	2	3	1	3	1	2	1	3	2	3	1	1	3	1	1	3	3	2	3	1	2	3	3	2	1	1	3	3	3	1	1	1	3	2	2	3	3	2	3	2	1	2	1	3	1	3	3	2	3	3	1	2	3	1	1	1	1	3	3	1	2	3	3	1	2	1	1	1	1	1	1	1	2	3	1	3	3	1	2	3	1	3	3	3	3	2	2	2	3	3	1	3	3	3	1	2	1	2
NGA	3	2	3	3	3	2	1	3	1	3	2	1	3	1	1	3	3	3	3	2	2	1	1	1	3	3	1	3	3	1	2	3	2	3	3	3	1	1	1	3	2	2	1	2	1	2	1	1	3	1	1	3	3	1	3	3	2	2	2	3	2	1	1	1	3	1	3	3	1	1	2	1	1	3	1	3	3	3	2	1	2	3	2	2	2	1	3	2	3	2	1	2	3	1	2	3	2	1	2	3	1	1	1	2	2	3	1	3	1	1	2	3	1	2	3	1	1	3	1	2	1	2	2	2	2	1	2	2	1	2	3	2	3	1	3	2	1	2	3	1	1	1	3	1	3	1	1	2	2	2	3	1	2	3	2	3	3	2	2	2	2	3	3	3	2	1	1	3	1	3	1	2
NIU	1	1	2	2	2	2	2	2	3	3	3	1	1	3	2	1	3	3	1	3	1	2	1	3	3	3	3	2	1	3	1	3	3	3	2	1	1	1	2	1	3	2	3	1	1	3	3	1	2	3	3	3	1	3	3	3	3	2	1	3	3	2	3	1	2	3	1	2	1	2	2	2	3	3	2	2	1	2	1	3	3	1	3	1	2	1	1	2	2	2	2	3	1	3	3	1	3	1	3	3	2	1	1	1	3	2	1	2	3	3	3	2	2	1	1	2	1	2	3	3	1	1	1	2	3	1	1	3	1	1	3	2	2	3	1	3	2	3	1	1	1	1	2	1	2	2	1	1	1	1	1	2	3	1	3	2	3	2	3	1	1	1	1	3	3	2	3	3	1	2	3	1
NOR	1	1	2	3	2	2	2	2	1	2	2	1	1	2	1	2	2	2	2	3	3	2	1	2	1	1	3	3	1	1	3	1	2	3	3	3	3	3	2	2	1	1	1	3	2	1	3	1	2	3	3	3	2	3	1	3	2	1	3	2	3	3	1	3	2	1	2	3	3	3	3	1	1	1	2	3	1	2	1	1	2	3	2	3	2	1	3	1	2	1	3	2	1	2	1	2	3	3	1	1	1	3	1	1	3	2	3	1	3	3	3	1	1	2	3	1	3	1	1	1	2	2	3	1	3	3	3	3	2	2	1	2	2	1	3	3	2	2	1	1	1	3	1	3	1	3	3	3	1	2	1	2	1	1	3	2	2	3	1	1	2	3	1	2	3	3	1	2	1	1	2	3
OMN	2	2	3	2	1	2	1	3	3	2	1	3	3	1	1	3	1	1	3	1	1	3	2	2	2	3	1	1	3	3	2	3	3	1	3	3	1	3	1	2	2	3	2	1	3	1	2	3	3	2	2	1	1	2	2	3	1	1	1	2	3	3	1	2	1	1	3	3	1	1	2	3	3	2	2	3	2	3	1	3	1	1	2	2	2	1	1	1	2	1	2	2	3	2	1	2	3	1	3	1	3	3	3	1	3	2	1	1	3	1	1	3	1	1	3	1	1	1	3	2	3	3	3	2	1	3	3	1	1	2	1	2	1	2	3	3	1	3	2	2	2	1	2	3	3	1	2	1	2	1	3	2	3	3	1	2	1	2	3	2	3	1	3	2	2	2	3	3	2	1	2	2
PAK	1	1	2	2	2	3	1	2	3	1	2	1	3	3	3	2	2	3	2	2	2	2	1	3	2	2	3	2	1	3	3	3	1	3	2	1	2	3	3	3	3	1	3	2	3	1	3	3	2	1	1	2	2	2	2	2	2	1	1	2	1	2	3	1	3	3	3	1	3	1	1	1	1	1	3	3	1	2	1	2	1	2	3	3	2	1	1	2	2	1	3	2	3	1	1	2	2	2	2	3	3	2	1	3	1	2	3	1	2	3	1	2	3	3	2	3	3	3	2	3	1	1	2	2	2	1	2	2	2	3	1	2	3	3	3	2	1	1	1	1	3	2	1	1	1	3	1	3	1	3	3	3	3	3	1	1	1	2	1	3	3	1	3	1	2	1	2	3	1	2	2	3
PAN	3	3	1	1	1	1	3	3	1	2	2	2	3	2	1	2	3	1	2	3	2	3	3	1	2	3	2	3	1	3	2	3	1	2	2	1	2	3	2	1	2	3	3	3	2	3	2	3	3	3	1	3	2	3	3	1	3	2	2	2	3	3	3	3	3	2	3	1	1	3	2	2	2	3	2	3	3	1	3	2	2	2	3	2	2	1	2	1	2	2	3	2	2	2	3	3	1	1	3	3	3	1	1	1	3	1	2	2	3	1	3	2	1	1	3	1	2	2	3	2	3	1	3	2	3	2	2	3	1	1	2	3	2	3	3	3	1	3	3	1	2	1	2	3	2	2	2	1	2	3	1	3	3	1	1	3	2	2	2	1	1	2	1	3	2	3	2	3	1	2	2	2
PNG	1	1	3	3	3	3	3	1	2	2	1	3	1	2	1	2	2	3	1	3	1	3	3	1	3	1	2	3	1	3	3	1	1	2	2	1	1	2	1	3	3	3	1	2	1	1	1	2	1	2	1	3	3	3	2	2	1	1	1	1	2	2	2	3	3	1	3	2	1	2	3	1	1	1	2	3	2	1	2	1	1	2	2	1	2	1	3	2	1	3	2	3	1	1	3	2	1	3	2	3	2	2	3	3	3	3	2	2	3	3	3	1	1	1	2	3	2	3	1	3	2	2	1	1	2	2	3	3	1	2	1	1	1	2	2	2	1	3	3	2	3	1	2	2	1	2	3	2	2	2	3	1	2	2	3	2	2	2	2	1	1	1	2	3	3	1	1	3	1	1	3	1
PRY	2	1	1	1	1	3	2	2	2	2	1	1	3	1	3	1	3	1	3	2	3	3	2	3	3	2	2	1	3	3	3	3	1	2	3	1	1	3	2	3	2	1	2	2	2	1	2	1	2	1	1	2	2	2	3	1	3	2	3	1	3	2	2	1	3	1	2	1	1	1	1	1	3	2	1	3	1	3	2	2	1	3	2	2	3	1	3	3	1	3	1	1	2	2	2	2	1	1	1	1	3	1	2	2	3	2	1	1	2	3	2	1	2	3	1	1	1	1	3	3	3	3	1	3	2	3	3	1	1	3	3	1	2	3	2	3	2	1	1	2	1	1	3	3	1	3	1	1	3	3	3	3	1	2	3	3	3	2	1	2	1	1	1	1	3	3	1	3	1	3	1	1
PER	2	3	1	1	2	3	3	3	1	3	3	1	1	2	1	3	2	1	1	2	1	3	3	3	1	3	3	1	1	3	3	1	1	1	2	2	2	3	3	3	2	3	1	1	1	1	1	1	2	2	3	3	1	1	3	1	3	2	3	2	2	3	3	3	2	3	3	2	1	3	1	2	3	2	3	2	3	2	3	1	2	1	1	2	2	2	2	2	1	2	1	2	1	3	1	3	2	2	2	1	1	2	2	2	2	1	1	3	2	1	2	2	1	2	3	3	3	1	2	2	3	2	3	3	1	3	2	3	2	2	3	1	1	2	3	3	3	3	3	2	1	3	2	1	3	1	1	1	2	1	2	2	1	3	1	2	2	3	3	1	2	3	2	1	1	1	1	3	3	1	1	1
PHL	2	3	1	1	1	3	3	1	3	1	1	2	3	2	2	1	2	2	1	3	3	1	3	2	2	1	2	1	1	3	1	1	1	2	1	3	2	1	1	2	2	3	3	2	1	3	1	3	3	1	1	1	1	2	2	2	2	2	1	3	2	3	2	1	3	1	2	3	1	3	1	2	2	1	2	3	2	1	2	1	3	1	2	2	1	2	3	2	1	2	2	1	2	3	3	2	3	3	1	2	2	3	1	2	3	3	2	3	2	3	1	3	2	1	3	1	1	1	1	3	3	3	1	3	1	2	3	3	1	2	1	3	1	2	2	1	1	2	3	2	1	2	1	2	3	3	1	1	2	2	1	1	2	2	2	1	3	2	1	2	3	1	1	2	3	3	3	1	2	1	2	3
POL	2	2	3	1	3	2	2	3	3	1	2	1	2	2	1	2	2	2	1	1	1	2	2	2	2	3	3	2	1	1	3	2	1	1	2	1	3	2	3	2	2	1	2	2	2	1	3	1	2	1	2	3	2	1	2	1	1	1	2	1	1	1	1	3	2	1	3	2	2	2	2	1	3	3	1	3	1	3	2	1	2	2	3	3	3	3	1	1	2	3	2	1	1	1	1	3	3	3	1	1	1	1	2	3	2	2	3	2	1	3	2	2	1	3	3	2	3	2	3	1	2	2	1	2	1	3	3	1	1	3	3	3	3	1	3	3	3	1	3	2	1	3	2	2	1	1	1	1	2	3	1	2	1	3	2	1	2	1	1	2	3	1	1	2	2	3	3	2	2	3	3	1
PRT	1	3	1	3	3	2	1	1	3	2	3	3	2	2	3	1	2	2	1	2	3	2	1	1	3	1	3	1	3	3	1	1	1	2	2	3	1	1	1	1	1	3	3	2	1	2	3	3	3	1	1	1	1	3	2	3	3	2	3	1	3	2	3	3	1	3	2	3	3	1	3	1	1	1	1	3	1	1	3	3	3	2	1	3	2	1	1	1	3	3	1	3	3	3	1	1	1	3	2	3	1	1	1	3	1	1	1	3	3	3	3	1	3	2	2	1	2	2	3	1	3	1	1	1	1	1	3	3	2	2	1	2	3	3	1	2	3	2	3	3	1	2	1	3	2	1	1	3	1	3	1	3	2	1	1	2	2	2	1	1	1	1	2	3	2	1	1	3	3	1	2	1
PRI	1	3	2	2	3	2	2	1	3	1	3	3	1	3	2	1	2	3	3	3	1	1	1	1	2	2	2	3	2	3	2	1	3	3	3	2	3	3	2	3	3	1	3	1	2	2	2	1	3	1	3	1	2	2	1	3	3	2	1	2	2	1	3	2	2	2	1	1	2	1	3	2	3	2	2	3	1	3	3	3	2	1	3	3	3	2	1	1	3	3	1	1	1	1	1	2	3	2	3	3	3	1	3	3	3	3	2	1	3	2	2	3	1	2	2	2	2	1	3	2	1	3	2	2	2	3	1	2	2	1	1	3	2	3	2	2	1	1	2	2	1	1	3	3	2	3	1	3	2	3	2	1	2	3	2	1	3	3	3	2	3	2	1	2	1	1	2	2	1	1	1	2
QAT	3	2	3	2	3	2	2	3	3	3	2	3	2	1	2	3	3	2	1	1	3	1	3	3	1	1	3	3	3	3	3	1	1	1	1	1	3	3	2	3	3	1	2	1	3	3	2	3	2	2	3	3	2	1	1	2	1	1	2	2	3	3	2	2	2	3	2	3	3	2	1	1	3	2	1	3	1	2	2	1	2	1	2	1	3	1	1	2	3	3	2	2	2	1	2	3	1	3	2	2	2	3	3	2	3	2	2	1	3	2	2	1	3	1	3	2	3	1	3	2	1	1	2	1	3	3	1	3	3	3	3	1	1	1	2	1	3	1	3	1	3	3	2	1	3	2	2	3	3	1	2	3	1	1	3	3	3	3	1	3	3	3	3	3	2	1	1	1	1	1	2	2
ROM	2	1	1	2	2	2	3	2	2	3	3	2	2	3	1	3	2	2	1	2	2	3	3	3	3	2	3	2	3	1	2	3	1	1	2	3	3	1	3	3	1	2	3	1	3	1	3	2	2	3	1	3	1	3	3	1	2	2	3	2	3	3	3	3	2	2	1	3	3	2	2	2	3	2	3	2	3	3	1	3	3	3	3	3	3	3	3	1	1	3	1	3	1	2	1	2	1	2	2	2	3	2	2	3	1	1	3	3	3	3	2	1	1	1	1	3	1	1	3	1	3	1	3	3	1	1	1	3	2	2	3	1	2	3	1	1	2	3	1	2	2	3	2	2	1	2	3	1	3	2	2	3	1	3	3	2	3	2	2	2	1	3	3	2	3	2	3	2	2	2	3	3
RUS	3	1	3	1	3	1	2	3	3	1	1	2	1	3	1	2	3	3	1	1	2	3	1	1	2	1	1	1	1	3	1	2	1	2	3	1	2	3	3	2	3	3	3	1	2	3	3	1	3	1	1	2	2	1	3	3	3	1	3	1	3	3	2	1	3	3	1	1	3	2	3	2	3	3	3	3	2	1	1	3	1	3	2	2	3	2	3	2	2	1	3	2	2	2	3	2	2	1	2	2	2	1	2	3	2	1	3	2	3	1	3	3	1	2	3	1	1	1	3	1	3	1	1	2	1	3	2	2	2	2	3	1	2	2	3	2	3	1	3	1	2	1	3	1	2	3	3	3	3	2	3	1	3	2	3	1	1	3	1	3	3	3	3	1	3	1	3	1	3	3	1	2
RWA	2	2	2	3	2	1	3	2	1	1	3	1	3	1	3	1	1	2	1	3	3	3	2	1	2	3	2	3	2	3	2	1	1	3	3	3	2	1	1	1	3	3	3	3	1	2	3	2	1	2	2	2	2	3	1	3	2	3	2	1	2	3	1	3	1	2	1	3	2	3	2	3	2	2	1	2	1	1	1	2	1	2	3	2	1	1	2	2	3	1	3	2	3	3	2	2	1	3	3	1	2	2	1	2	2	1	1	2	3	1	2	2	1	1	2	3	2	1	2	1	2	2	2	2	3	1	2	3	3	3	3	3	2	2	1	1	2	2	1	2	3	1	3	3	1	1	3	3	2	1	3	2	2	2	2	3	3	2	2	2	3	2	1	2	2	3	3	1	2	1	3	1
VCT	1	3	1	3	3	3	1	3	3	2	1	3	3	1	3	1	3	3	2	1	3	2	2	3	1	2	1	1	1	3	3	1	1	2	3	1	3	1	1	1	2	2	2	1	1	1	3	1	3	3	3	1	3	3	1	3	3	1	1	3	3	1	3	3	2	2	3	2	1	3	2	1	3	2	3	2	3	1	3	1	1	2	2	1	2	2	3	3	2	3	3	2	2	1	2	2	1	3	1	2	2	1	3	1	3	3	3	1	2	3	3	1	2	1	3	3	3	3	3	1	2	2	1	2	2	3	3	1	1	2	2	2	3	3	3	3	3	1	1	3	1	2	1	2	1	3	2	3	3	2	3	2	3	1	2	3	2	1	1	1	2	3	3	2	1	1	2	3	2	2	3	1
WSM	2	3	2	1	3	2	2	3	3	3	2	3	1	1	2	3	2	2	3	3	1	3	3	3	3	1	2	1	1	2	2	3	2	1	3	2	1	3	2	2	3	3	3	3	2	3	3	3	2	3	3	2	1	1	1	2	3	3	2	3	1	3	1	1	2	3	1	2	2	2	1	1	2	2	3	2	2	3	3	2	3	2	3	1	1	2	2	2	3	1	2	2	2	1	2	2	1	3	3	1	1	1	2	2	3	3	3	1	2	1	2	2	1	2	2	3	1	2	2	1	3	3	1	1	2	2	1	2	3	3	1	2	1	2	2	1	3	3	3	1	1	1	1	2	3	3	1	1	1	2	3	1	3	2	2	1	3	2	1	1	3	2	2	3	3	3	1	2	2	1	3	2
STP	3	2	1	2	2	1	2	3	2	2	1	2	2	3	2	3	2	3	3	2	1	3	2	1	2	2	3	2	3	3	3	2	1	1	1	2	1	3	3	2	3	2	2	1	1	1	1	3	2	2	3	2	1	1	3	3	3	3	2	1	1	1	2	2	1	3	2	1	3	2	3	1	1	1	2	2	3	2	3	2	1	1	2	1	2	3	3	1	3	1	1	3	1	2	2	2	3	3	2	2	1	1	2	1	2	3	2	3	3	3	1	2	2	2	3	1	3	2	1	1	2	1	3	1	2	1	2	2	1	2	1	1	1	1	2	3	1	3	1	1	2	3	3	1	3	2	1	1	3	1	2	3	3	2	2	3	3	3	1	2	2	2	2	2	2	3	2	1	2	3	1	3
SAU	3	2	2	1	2	2	2	1	2	1	2	3	3	3	2	3	1	2	1	2	2	2	3	2	3	1	3	1	3	3	2	3	2	3	3	2	3	3	2	3	2	3	1	1	2	3	1	2	3	2	3	1	2	3	3	1	3	2	2	3	3	1	2	2	1	2	2	1	3	1	2	1	3	2	1	2	1	1	3	2	3	3	2	2	2	2	2	2	3	3	1	3	1	3	1	1	1	3	3	3	1	1	2	1	1	2	3	2	2	2	3	1	1	1	3	2	3	2	1	2	2	3	1	2	2	3	3	3	1	1	2	1	3	3	1	3	1	1	3	3	1	2	2	3	2	1	2	1	2	2	3	1	1	3	1	3	3	2	3	1	3	1	3	3	1	2	3	2	3	1	3	1
SEN	3	1	3	3	3	2	3	1	1	3	1	2	3	2	3	1	1	3	3	3	3	2	1	1	1	3	3	3	3	2	2	2	2	1	2	3	3	2	2	3	3	2	3	1	1	1	3	1	3	2	2	1	2	1	2	3	3	3	2	3	1	3	2	1	2	1	2	3	3	3	1	2	3	2	3	1	2	1	2	2	3	1	2	2	3	3	2	2	1	3	1	3	2	2	3	3	2	2	2	1	3	3	1	1	3	1	3	1	3	1	1	3	1	2	2	1	3	3	1	3	1	3	2	2	1	1	1	3	1	1	3	2	3	1	3	2	3	2	2	1	3	3	2	1	3	3	2	2	1	2	2	1	1	3	1	1	2	2	3	1	1	1	1	1	1	1	2	3	1	2	1	2
YUG	3	2	3	1	1	2	3	2	2	1	2	3	2	2	3	2	2	3	2	2	2	2	3	1	3	1	3	3	3	3	3	2	3	2	1	2	3	1	2	3	3	2	1	2	3	1	1	3	3	2	3	2	1	2	2	3	3	2	1	1	1	3	3	2	2	3	1	2	1	3	3	1	2	2	2	3	2	2	1	2	3	2	2	3	2	3	2	3	1	3	2	1	2	2	2	3	2	1	3	3	2	1	2	3	1	2	1	1	3	1	2	1	3	1	3	2	2	1	2	3	1	2	1	1	1	2	3	2	1	3	1	2	1	3	3	1	1	1	3	2	3	2	2	2	2	1	2	3	3	2	3	2	1	1	1	2	1	1	2	1	1	1	3	2	3	2	1	3	3	3	1	3
SLE	2	2	3	2	1	3	3	2	2	3	2	2	3	2	3	1	2	3	2	3	2	3	1	3	2	3	1	2	3	1	1	1	3	1	2	1	2	2	3	2	3	1	1	3	3	1	3	3	3	1	1	3	1	1	3	3	1	1	3	2	1	1	1	3	3	3	3	3	1	1	1	3	1	2	2	3	3	3	1	2	1	2	1	3	2	3	1	2	3	1	2	2	3	3	1	3	3	1	2	1	2	1	3	2	3	2	2	1	3	2	3	2	1	2	2	1	1	3	2	1	2	3	2	3	2	3	1	3	1	3	1	3	3	3	2	2	3	2	2	1	3	3	2	2	1	1	1	2	1	1	3	2	2	2	2	2	3	2	2	2	2	2	2	1	1	1	2	2	1	1	1	2
SGP	3	3	1	2	3	2	2	3	3	2	2	3	3	1	1	2	2	3	3	3	3	2	2	1	1	1	3	2	2	1	3	2	3	2	1	3	1	1	3	3	2	3	2	2	1	1	1	1	1	2	3	3	2	3	1	1	2	1	3	3	3	1	2	1	1	2	2	3	2	3	2	1	1	1	1	3	3	3	1	1	1	3	3	2	1	3	1	2	2	2	2	1	1	3	3	2	3	1	3	3	1	2	2	1	3	3	1	2	1	3	3	2	3	2	1	3	3	3	1	2	3	1	3	3	2	3	2	1	2	1	1	3	1	2	1	3	3	1	3	3	1	3	2	1	1	1	1	2	2	2	3	3	1	1	2	3	1	2	2	1	3	1	1	1	2	2	3	2	1	2	2	2
SVK	1	1	2	3	2	2	3	1	3	1	2	2	3	1	1	2	2	2	3	2	2	2	1	2	2	3	3	2	1	3	1	1	2	3	3	2	2	2	3	2	1	2	1	1	1	3	3	1	2	1	3	2	1	2	2	3	1	1	1	2	2	1	1	3	3	1	1	1	2	2	2	3	1	3	3	2	1	3	2	2	3	1	3	3	1	3	2	1	2	1	1	3	1	2	3	1	3	3	2	1	2	3	1	3	1	1	1	3	3	3	3	3	2	2	2	2	3	2	3	1	3	1	3	2	1	1	3	3	1	3	1	3	3	1	2	2	2	2	1	3	1	2	1	2	1	1	2	2	1	3	3	3	2	3	1	2	1	3	1	3	1	1	1	3	1	2	3	3	3	3	2	3
SVN	3	3	1	1	2	3	1	3	3	2	2	2	2	1	2	2	3	3	1	1	3	2	3	1	2	2	2	1	2	3	1	2	2	3	1	3	2	3	1	1	1	2	1	3	2	3	1	2	2	3	2	3	2	2	2	1	3	3	1	2	2	3	1	3	1	2	3	2	1	1	2	2	2	2	1	1	3	3	1	1	1	3	3	2	3	3	1	3	2	1	2	1	2	2	1	1	3	1	1	3	2	2	3	1	2	2	3	3	1	2	1	2	1	3	3	1	1	2	3	1	3	3	1	1	2	3	3	1	1	3	1	2	1	3	3	1	1	2	3	3	2	1	3	3	1	1	3	3	3	3	3	3	2	3	2	2	3	2	1	3	1	1	3	2	3	1	1	1	1	3	1	1
SOM	2	2	1	2	2	1	1	2	2	2	2	3	2	3	2	1	1	2	1	3	1	1	3	1	3	1	3	1	3	1	2	2	3	2	3	3	1	3	2	3	2	1	2	2	1	2	3	2	3	2	1	2	1	3	3	1	2	1	2	3	2	2	3	1	2	1	1	3	3	2	2	3	1	2	3	1	1	1	3	2	1	3	3	1	3	3	3	3	2	1	2	1	3	1	3	2	2	2	2	2	2	3	2	3	2	2	1	2	2	3	2	2	1	1	3	2	2	1	1	3	2	2	2	1	3	1	3	3	1	3	2	2	2	2	2	1	2	3	1	2	2	1	2	3	2	2	3	2	2	1	1	3	3	1	3	3	3	1	3	1	3	2	2	1	2	2	1	1	3	2	3	2
ZAF	1	1	3	2	2	1	1	3	2	3	2	1	1	1	1	2	1	2	3	2	3	2	1	1	1	1	1	1	1	1	1	2	3	3	2	3	2	1	1	2	3	1	1	3	3	3	2	1	1	3	3	2	1	1	3	2	1	3	2	2	1	2	1	3	1	3	2	3	2	1	1	2	1	1	1	1	2	2	3	2	3	1	1	1	2	3	1	1	3	1	1	2	2	3	1	1	3	1	2	3	3	1	2	1	3	2	1	3	3	1	3	1	3	2	2	2	3	3	2	2	1	3	1	2	3	1	1	1	1	3	2	2	3	1	2	2	3	3	3	2	3	3	3	3	3	3	3	1	1	1	3	3	2	2	2	3	3	2	1	3	3	1	2	1	1	1	1	1	1	1	3	2
ESP	3	3	1	3	2	2	2	1	1	1	2	1	2	2	2	1	1	3	3	1	3	2	3	3	1	3	3	1	3	2	3	3	2	1	2	2	2	3	3	1	3	3	3	1	2	2	1	2	1	3	1	2	2	3	1	3	3	2	2	2	1	1	3	1	2	2	1	2	3	1	3	3	1	3	2	1	2	2	2	1	1	1	1	2	1	3	3	1	2	1	3	1	1	3	1	1	1	2	3	1	1	1	3	2	3	1	1	2	3	3	2	1	3	2	2	3	1	3	1	2	3	3	3	2	2	1	2	3	1	3	2	2	1	1	3	2	2	3	3	3	1	3	2	3	2	3	3	2	3	2	1	2	2	3	3	2	1	3	3	2	1	2	1	1	3	3	2	1	1	3	2	1
LKA	3	3	2	2	3	3	2	1	3	1	2	1	3	2	1	2	3	2	3	3	2	3	2	2	2	3	1	3	1	2	3	2	2	3	3	2	1	1	1	3	2	2	2	1	3	1	3	3	2	1	1	3	1	1	1	2	3	2	3	2	1	3	1	1	1	3	3	2	2	2	1	1	1	2	1	3	1	2	1	1	3	1	3	1	2	2	1	2	1	3	3	1	1	3	3	1	2	3	1	2	3	2	2	2	1	2	2	1	3	1	3	1	3	2	3	2	3	2	1	3	3	3	2	2	2	2	3	1	3	2	1	1	2	3	1	3	2	3	1	1	3	2	1	1	1	2	2	1	1	2	1	2	3	1	2	1	2	3	3	2	1	3	1	2	3	3	2	3	1	2	1	2
SDN	1	2	2	3	1	3	2	1	3	3	1	3	3	3	1	2	3	2	3	3	2	3	2	2	1	2	1	1	2	2	3	3	1	1	2	3	2	3	1	2	1	3	1	3	1	2	2	1	1	2	3	2	1	3	2	2	1	3	2	2	2	1	3	3	3	2	3	2	3	1	3	1	3	3	3	1	2	3	3	3	2	3	2	2	2	3	3	2	1	2	3	1	3	2	1	3	1	2	2	1	3	2	2	3	2	3	1	2	3	3	3	2	2	1	2	3	2	1	1	2	1	2	2	2	2	2	2	3	2	2	3	2	1	2	1	3	1	1	1	3	3	2	2	1	3	1	1	1	1	1	1	3	1	1	2	1	2	3	3	1	1	3	2	3	3	3	2	3	2	3	2	3
SWZ	2	2	3	3	3	1	3	2	1	3	2	2	1	1	1	1	3	1	2	1	3	2	2	1	3	2	3	3	2	2	3	1	3	1	2	2	3	3	2	1	1	2	3	1	1	2	3	1	2	2	2	1	2	2	2	2	2	1	1	1	1	2	3	3	2	2	2	1	2	1	3	1	3	1	3	1	2	1	3	2	1	2	1	2	2	1	1	1	3	1	2	3	3	3	3	3	3	1	1	1	2	2	1	2	1	3	1	3	2	1	2	3	1	3	3	1	2	2	2	1	3	2	3	3	2	1	1	3	2	1	1	2	2	3	1	3	2	3	3	1	3	2	2	2	3	2	3	1	3	2	1	1	2	1	3	1	1	2	1	1	1	3	3	1	2	2	1	2	2	3	2	2
SWE	1	3	3	3	2	3	3	3	3	1	2	3	3	3	2	3	1	3	2	3	1	1	2	3	2	1	2	3	1	1	1	1	1	3	2	1	3	2	2	2	2	3	3	2	3	1	2	2	2	2	2	3	2	2	2	1	2	2	1	3	3	3	3	2	2	1	3	1	1	1	3	2	2	2	2	2	2	2	1	3	3	3	1	2	2	2	1	1	3	2	2	1	2	3	2	3	2	1	1	3	3	2	2	2	2	1	2	1	2	2	3	3	3	1	1	2	1	3	2	2	2	3	1	1	3	1	2	3	3	2	1	1	2	2	2	3	2	1	1	3	2	1	1	3	3	2	2	3	1	1	2	1	3	1	2	2	2	1	3	1	3	3	3	1	2	3	3	1	2	1	3	2
CHE	1	3	3	1	2	1	2	3	1	1	3	2	3	2	3	3	2	2	1	2	3	1	3	2	1	2	2	3	2	3	3	1	2	3	2	1	2	1	3	2	2	2	3	1	1	3	2	2	2	3	1	1	1	1	2	1	2	1	1	2	1	2	1	3	2	3	2	1	1	1	1	1	3	1	2	3	3	3	1	3	2	2	2	1	1	2	2	2	3	1	2	1	2	2	1	3	3	2	2	2	2	3	3	2	2	1	1	2	2	1	1	1	3	1	3	2	3	1	2	2	3	3	1	2	1	3	1	3	1	3	3	2	2	1	3	1	3	2	2	1	2	3	3	1	2	1	2	3	2	1	1	2	2	1	3	3	2	2	2	2	2	2	3	1	1	3	2	1	1	2	2	1
SYR	2	2	1	1	1	3	3	1	3	2	3	3	3	3	1	3	2	3	2	3	3	2	2	1	2	2	1	2	3	2	3	2	1	2	3	2	2	1	2	3	2	2	1	2	3	3	2	2	3	3	1	2	3	1	2	3	2	1	1	1	2	1	3	3	3	2	3	1	2	1	2	3	2	1	3	1	3	3	2	2	3	2	2	2	1	3	2	1	1	3	1	2	1	2	2	2	3	2	3	2	1	3	2	3	2	2	1	1	3	3	3	3	2	2	3	3	2	1	3	2	1	1	1	3	2	3	1	1	3	1	1	2	2	2	2	2	1	1	1	1	2	1	3	2	1	2	1	1	2	2	1	3	2	1	3	2	3	3	3	1	1	3	2	1	1	1	1	1	3	2	1	2
OAN	1	1	3	1	2	3	3	3	3	2	1	3	3	1	3	1	1	3	2	1	3	1	1	3	3	1	2	1	2	2	2	2	2	2	1	3	1	3	1	3	3	3	3	2	2	1	2	2	3	1	2	3	2	3	2	1	3	3	2	3	2	3	1	1	2	2	3	2	3	2	1	1	3	3	2	3	3	3	3	1	1	1	2	1	3	3	3	2	2	2	2	3	3	1	2	1	2	3	2	2	3	1	1	3	1	1	2	3	1	3	1	2	3	2	2	2	1	3	3	2	1	2	1	2	3	1	2	3	1	3	3	3	3	3	3	1	1	2	2	1	1	2	2	2	1	1	3	3	3	1	3	3	1	1	2	2	3	1	2	2	2	3	2	1	1	2	2	3	3	2	3	3
TJK	1	2	1	1	1	2	3	1	1	1	2	2	1	2	3	2	3	1	2	2	1	2	3	2	2	2	3	3	1	2	1	1	2	1	2	1	1	2	3	2	2	1	1	2	3	2	2	1	3	2	2	2	1	3	2	3	2	1	3	1	2	3	1	3	3	2	2	3	3	2	3	1	1	2	1	2	1	1	1	2	2	1	3	2	1	3	2	3	2	2	1	1	3	2	3	3	3	1	2	1	1	2	3	1	2	3	3	3	3	3	2	1	3	2	3	1	3	1	1	1	1	2	3	2	2	2	2	2	2	1	3	3	2	3	2	2	1	1	2	2	2	2	2	2	1	2	2	1	1	2	3	3	1	2	3	3	2	1	2	1	2	1	2	3	3	3	3	1	2	3	2	1
TZA	1	3	1	1	2	2	2	3	3	1	1	2	2	3	3	1	3	3	1	2	2	1	1	2	1	3	3	2	1	3	1	1	2	1	3	2	1	2	1	1	2	2	2	3	3	1	1	3	2	2	2	2	3	1	3	3	2	1	1	2	2	1	2	2	2	3	3	1	1	2	3	1	2	3	2	2	3	3	2	1	3	3	2	3	1	3	3	1	3	1	3	1	2	1	1	3	1	3	2	1	1	2	2	3	3	1	1	3	1	2	1	3	2	3	1	1	2	3	3	1	3	1	2	1	2	3	1	1	2	1	3	1	3	2	1	3	1	3	3	1	2	1	3	2	2	2	3	1	1	1	2	1	1	2	1	1	1	3	1	2	1	1	2	1	1	3	1	3	1	3	1	3
THA	3	2	1	2	1	3	3	3	2	2	3	2	2	1	3	1	1	1	2	1	2	3	1	2	1	3	2	3	1	2	3	1	1	1	2	3	1	2	1	2	1	3	1	3	1	2	1	1	2	2	1	2	3	1	3	2	2	3	1	2	1	3	1	2	1	3	1	3	2	3	2	3	3	2	1	1	3	1	3	2	1	3	1	3	2	2	3	2	2	1	1	3	2	3	3	2	1	3	2	3	1	3	1	2	1	1	1	3	3	1	1	2	1	3	1	3	2	3	3	3	2	1	2	3	1	3	3	2	2	2	3	1	3	2	1	2	2	2	3	1	2	1	2	2	3	2	3	2	1	1	3	3	2	2	3	3	1	3	3	3	3	1	1	1	3	3	3	3	1	2	1	2
TGO	1	3	1	3	2	3	2	3	2	2	2	1	2	3	2	2	2	2	1	3	3	1	1	3	1	1	1	2	3	1	2	1	3	3	1	1	3	2	3	3	2	1	3	3	2	2	1	2	2	3	3	1	1	3	3	1	2	1	1	1	2	1	3	1	1	2	1	1	2	3	2	1	3	1	1	2	2	3	1	3	3	1	3	3	2	3	1	3	3	2	1	1	2	1	1	3	1	2	2	2	1	2	3	1	3	3	3	2	3	1	2	3	1	3	3	2	1	1	1	2	2	2	3	1	1	3	1	1	2	1	3	1	2	2	2	1	2	3	1	2	3	3	1	3	2	3	2	1	1	2	3	2	1	3	2	2	3	3	3	3	2	2	3	3	1	1	2	2	1	2	2	2
TON	3	1	3	2	3	3	1	3	3	2	3	2	3	2	2	3	3	2	3	2	3	2	3	3	2	1	3	3	3	1	2	2	3	1	3	2	1	2	1	2	3	1	1	2	3	1	1	3	2	2	1	1	1	1	3	3	3	3	1	1	1	1	3	2	2	2	1	3	1	1	1	1	2	2	1	2	3	1	3	2	3	1	1	1	2	3	1	2	3	1	1	2	1	2	1	1	1	1	2	2	3	2	2	3	2	1	2	3	1	3	1	3	3	2	1	1	3	3	2	1	3	1	2	1	1	3	3	2	2	1	3	2	2	1	2	2	1	2	2	2	2	2	3	3	2	2	3	1	1	1	2	1	2	2	2	1	1	1	2	2	1	2	3	2	3	2	1	3	2	1	3	1
TTO	2	1	1	2	1	1	1	3	3	2	3	2	3	1	3	1	1	3	3	3	3	2	3	1	2	1	2	2	1	3	2	1	3	3	3	1	3	3	1	3	2	1	2	2	1	3	2	3	1	1	1	3	3	1	1	2	1	3	2	1	2	3	1	1	2	2	3	2	1	2	1	1	1	3	2	1	3	2	2	1	2	3	3	1	2	2	3	1	2	1	3	3	3	2	3	1	1	2	2	1	3	1	3	2	2	3	2	2	1	1	3	1	2	1	3	1	3	3	2	1	2	3	2	3	1	3	1	1	1	2	1	1	3	1	2	1	3	2	3	1	1	1	1	2	2	3	1	3	2	3	3	3	3	3	2	1	1	2	1	1	3	2	3	1	1	2	2	3	1	2	2	2
TUN	1	2	1	2	2	1	1	1	3	1	3	2	1	3	2	1	2	2	3	3	1	2	2	2	2	2	1	3	3	3	3	2	1	2	2	1	1	1	3	1	1	3	1	2	2	2	1	2	1	2	2	2	3	3	1	2	1	3	2	3	1	1	3	1	1	1	1	2	3	2	2	1	2	2	2	2	2	3	3	2	3	3	1	2	1	3	1	2	1	2	2	3	2	2	2	1	1	3	2	1	3	2	1	1	1	1	1	3	1	2	1	3	1	3	3	2	3	2	1	1	3	1	3	2	1	2	1	2	3	1	1	3	1	3	1	1	2	1	3	3	3	1	1	1	3	1	1	1	1	3	1	3	2	3	2	2	1	3	2	2	2	2	3	3	3	1	3	2	1	3	3	2
TUR	2	3	3	1	3	3	1	3	2	1	3	2	1	1	2	3	3	3	3	2	3	1	3	3	1	3	3	3	2	2	1	3	3	2	1	3	1	3	1	2	3	1	2	3	2	1	3	2	2	3	3	2	2	1	2	2	3	3	3	3	3	3	2	1	1	3	3	2	3	2	3	1	3	1	1	1	3	3	1	2	2	1	3	3	2	1	2	2	1	2	2	3	2	3	3	3	3	3	3	1	2	1	3	1	1	3	1	3	2	1	2	2	2	2	3	3	3	2	3	1	1	3	3	2	3	1	2	2	2	3	2	2	3	2	1	1	1	1	2	3	3	2	2	3	3	1	3	3	3	2	1	1	1	3	1	1	1	1	2	3	2	3	1	3	2	2	2	2	3	2	1	1
TKM	2	3	1	1	3	3	2	3	3	2	1	2	3	1	3	2	2	3	1	3	3	2	3	2	2	3	3	3	3	3	2	3	2	3	1	3	2	1	2	3	2	3	3	1	1	1	3	2	2	3	2	2	1	2	1	1	1	3	1	1	3	3	3	2	3	1	1	2	1	1	3	3	1	2	1	1	1	2	3	1	3	3	1	3	3	3	3	3	3	3	3	2	2	2	1	1	3	2	2	1	1	2	3	3	2	2	2	2	1	2	1	2	1	3	2	3	2	2	3	1	1	2	2	2	3	3	1	2	3	1	1	3	3	2	3	2	1	2	2	2	3	2	1	3	3	1	1	3	1	2	3	2	1	1	2	2	3	2	3	1	1	1	1	1	2	1	3	1	2	2	2	2
UGA	2	1	1	3	2	1	1	1	3	2	3	1	3	3	3	3	2	2	1	2	3	2	2	3	3	2	2	2	1	3	3	3	3	3	3	2	1	2	2	3	1	2	3	2	1	1	3	2	2	1	3	2	2	2	1	2	2	1	1	3	3	2	3	2	3	2	1	1	2	2	2	3	3	1	2	2	3	1	2	2	2	3	2	3	3	1	2	1	2	3	2	1	3	3	3	1	3	1	1	3	1	3	3	2	2	1	3	2	2	3	2	1	1	1	2	1	2	1	3	2	3	3	3	2	3	1	2	3	1	2	2	1	2	1	1	3	1	1	3	2	1	3	1	1	2	1	3	2	3	1	1	1	3	1	2	2	1	3	1	1	1	3	3	2	2	1	3	3	2	2	3	2
UKR	1	3	1	1	2	1	3	2	2	2	2	3	3	2	2	3	1	3	1	3	3	1	2	2	3	1	2	2	3	1	2	3	3	1	2	2	3	3	3	2	2	3	2	2	2	2	2	1	2	1	1	3	2	2	2	1	3	3	1	2	2	1	1	1	1	1	3	1	1	1	1	2	2	1	2	3	3	2	3	3	2	1	2	2	1	2	3	1	3	1	2	1	3	1	2	2	1	1	2	1	3	3	3	2	3	1	3	1	3	3	2	2	1	3	3	3	3	3	1	2	2	2	1	2	3	1	1	1	2	3	2	2	2	1	2	3	1	2	3	3	1	2	1	2	3	3	3	1	1	1	3	1	3	1	3	1	1	1	1	2	2	2	1	1	3	2	1	1	3	1	2	2
ARE	1	3	2	1	2	1	1	2	2	1	3	2	2	2	2	2	3	2	1	1	3	3	1	2	2	3	2	2	3	1	2	1	3	3	3	1	3	2	1	2	3	2	3	1	3	2	3	2	2	3	3	3	3	1	1	1	2	2	1	1	1	2	3	2	2	1	1	2	3	1	1	3	3	3	3	1	2	2	1	2	1	3	1	2	3	2	2	3	3	1	2	1	1	2	1	3	2	2	1	1	2	3	1	3	2	3	2	3	1	3	3	2	2	1	3	3	1	2	1	2	2	2	1	3	3	1	1	3	3	3	1	1	1	1	1	1	3	1	1	3	1	1	1	2	3	3	1	3	1	2	3	3	3	3	3	3	3	2	1	2	1	1	1	2	1	3	2	3	2	1	2	3
GBR	2	3	2	2	3	3	1	3	2	2	1	1	2	1	2	1	1	2	3	3	1	1	2	2	2	3	2	3	1	1	1	3	1	2	3	3	2	1	1	1	3	2	2	2	3	3	1	3	1	1	2	1	1	3	2	2	3	3	1	2	2	2	2	1	3	1	2	3	1	2	1	1	2	1	3	3	2	1	1	3	2	3	2	1	2	3	2	1	3	1	1	3	2	1	3	3	3	2	1	2	3	1	1	1	1	1	1	3	2	1	1	3	3	3	1	2	1	3	2	1	2	2	2	3	1	3	2	2	1	1	1	2	2	1	2	2	2	3	1	2	3	1	1	3	1	3	2	2	1	3	2	3	1	2	1	1	3	3	1	2	2	2	3	1	2	3	1	1	2	3	1	1
USA	3	1	3	1	1	3	2	1	1	2	2	2	2	2	3	3	2	1	3	1	3	2	1	3	3	3	1	2	2	3	3	3	2	3	1	1	3	2	3	2	1	3	3	2	2	3	3	1	2	1	1	3	2	1	3	1	3	3	1	1	2	2	3	1	3	3	2	1	1	3	2	2	3	3	2	2	1	3	3	2	3	3	3	2	2	2	2	3	2	1	2	3	3	3	2	1	3	3	2	3	3	3	1	2	2	3	2	1	3	3	3	3	3	2	2	3	3	2	1	1	3	1	3	2	2	3	3	3	2	2	2	2	3	2	3	1	1	3	3	1	2	3	2	2	3	2	3	2	2	1	1	1	1	2	1	3	1	1	3	3	3	3	3	2	2	1	3	1	2	1	1	1
URY	2	1	3	3	3	2	3	1	2	3	1	2	3	2	3	2	1	1	1	2	3	2	2	2	3	2	2	3	3	3	1	1	3	1	1	1	3	1	3	2	2	2	2	1	3	1	3	1	3	3	1	3	1	3	3	1	1	1	2	1	3	3	1	3	1	1	2	2	3	1	1	1	3	3	3	1	2	1	1	2	1	3	1	1	1	3	2	3	1	3	3	2	1	3	1	1	3	2	3	1	1	3	2	3	1	1	1	1	2	2	2	2	3	3	2	1	2	3	3	3	1	1	2	2	1	1	1	2	3	3	1	3	3	1	3	2	1	1	2	2	1	3	2	1	3	1	2	1	2	1	3	3	1	2	1	3	2	1	3	1	2	3	2	2	1	3	3	3	3	3	1	3
UZB	2	2	3	3	2	2	2	2	1	3	3	2	3	3	2	2	1	1	3	2	3	1	2	1	1	2	3	3	1	2	2	3	3	1	1	2	2	2	2	3	1	2	1	1	3	1	2	3	1	3	3	2	1	3	3	1	2	1	1	2	3	2	3	2	3	3	1	1	2	2	2	1	3	3	3	3	1	2	2	3	1	1	2	3	1	1	1	1	2	3	2	2	3	3	3	1	3	3	3	2	3	1	1	3	3	1	3	1	1	3	3	2	2	3	3	2	1	2	1	1	2	3	3	1	3	1	1	3	3	2	2	2	2	1	1	2	3	1	1	2	3	2	1	2	2	2	3	3	3	2	3	3	2	1	1	1	2	3	2	1	3	1	2	1	2	1	1	2	1	2	1	2
VEN	1	3	1	1	3	3	2	1	1	1	1	1	3	1	3	3	2	3	2	3	3	2	2	3	1	3	2	1	3	3	1	1	2	2	2	2	3	2	1	3	2	3	3	3	1	2	3	2	3	2	1	3	2	3	1	2	1	2	2	3	2	3	2	1	1	1	1	3	1	2	3	3	1	2	1	3	3	1	3	2	3	2	2	3	1	3	3	2	1	2	2	3	2	1	2	1	1	1	3	2	2	2	2	2	1	1	1	2	3	2	1	2	3	2	1	2	2	3	2	3	2	2	1	1	1	2	1	1	2	1	2	3	3	2	2	1	2	1	2	3	3	2	2	3	2	3	2	3	1	1	2	3	1	3	2	3	1	2	1	3	3	1	1	3	1	1	2	1	3	1	3	3
VNM	3	1	3	1	2	2	3	2	2	3	1	1	2	2	2	3	3	2	1	2	3	1	1	3	3	1	1	1	1	3	3	1	3	1	3	3	2	1	1	1	2	2	3	3	1	1	3	1	2	1	2	3	2	1	2	1	3	1	2	1	3	2	2	1	1	2	1	1	1	1	3	2	3	3	2	2	3	3	2	3	2	3	1	2	2	3	1	3	1	3	2	1	1	3	1	2	2	3	1	3	1	2	2	3	2	1	2	1	2	3	3	3	3	1	2	3	3	2	2	1	1	1	2	3	2	2	3	2	2	3	3	3	2	3	1	1	1	1	2	1	1	1	3	1	2	3	3	2	3	2	3	2	2	3	1	3	1	1	2	2	2	3	2	1	2	3	2	1	3	3	1	1
YEM	3	3	3	1	1	3	1	2	2	3	3	3	3	1	2	3	2	2	3	1	2	3	3	2	1	2	2	2	1	2	1	2	3	3	2	3	2	2	1	2	1	3	3	2	3	2	2	3	2	1	2	3	1	1	2	3	2	3	2	1	2	1	2	3	1	1	1	1	1	1	3	1	1	2	3	3	2	3	3	1	3	3	1	1	1	1	3	3	2	1	2	3	2	1	3	1	2	1	2	1	1	2	1	3	2	3	2	2	1	2	3	2	2	1	2	1	1	2	3	1	1	3	2	3	3	3	2	3	1	2	2	3	1	1	3	2	3	2	2	2	3	3	1	2	1	3	2	3	1	2	2	2	1	2	3	1	3	1	3	1	2	1	2	1	3	1	3	3	3	2	2	2
ZMB	3	1	3	3	3	1	1	1	1	1	3	1	3	2	2	2	2	1	2	2	3	1	3	2	3	1	2	2	1	3	3	2	1	2	1	2	2	1	2	2	3	3	3	2	2	3	1	3	3	1	3	1	1	2	3	1	2	2	3	3	2	3	2	3	2	1	3	1	3	3	1	2	3	1	1	3	1	1	2	3	3	1	3	1	2	3	3	1	3	2	1	2	3	1	3	1	1	3	3	3	1	2	1	2	3	2	2	3	1	2	1	3	2	3	1	1	2	1	1	1	2	1	3	2	2	3	3	2	3	3	2	1	2	3	2	3	3	2	3	3	3	1	3	2	1	3	3	2	2	3	2	3	3	3	3	1	3	1	1	3	2	3	3	2	3	3	1	3	3	1	1	3
ZWE	2	2	2	1	3	2	3	3	3	3	1	3	2	1	2	1	2	3	3	2	2	2	2	1	3	1	1	1	3	3	1	2	3	3	1	2	3	3	2	2	1	1	1	3	1	3	1	3	1	2	1	2	1	2	3	2	1	2	3	2	2	1	1	1	3	3	3	2	2	2	3	1	1	2	2	1	1	1	3	2	2	3	3	2	3	2	1	2	3	1	3	2	3	1	2	3	3	1	1	2	1	2	2	3	2	2	2	3	1	2	3	2	1	2	3	1	3	1	1	2	2	2	1	3	2	1	2	3	2	2	3	3	2	2	2	1	3	3	2	3	3	3	2	2	1	3	2	3	1	3	3	3	2	1	1	3	3	2	1	3	2	3	2	2	2	2	2	1	1	2	1	3
